"Ticket";"Symbol";"Type";"Open time";"Open price";"Size";"Close time";"Close price";"Profit/Loss";"Balance";"Sample type";"Close type";"MAE ($)";"MFE ($)";"Time in trade";"Comment";"Comm/Swap";"Stop Loss price level";"Profit/Loss";"Profit/Loss Pips";"Balance";"Profit Target price level"
"5";"USATECHIDXUSD_ftmo";"Buy";"2024.01.05 19:00:00";"16330.89";"1.36";"2024.01.05 21:00:00";"16328.73";"-2,94";"99997,06";"IST";"End Of Friday (Time)";"-82,43";"18,51";"2h 0m";"";"-0,00";"16183,91016";"-2,94";"-2,16";"99997,06";"16494,19922"
"6";"USATECHIDXUSD_ftmo";"Buy";"2024.01.08 01:30:00";"16320.27";"1.36";"2024.01.08 17:00:00";"16483.47";"221,95";"100219,02";"IST";"PT";"-138,07";"221,95";"15h 30m";"";"-0,00";"16173,38965";"221,95";"163,20";"100219,02";"16483,47070"
"189";"USATECHIDXUSD_ftmo";"Buy";"2024.01.11 15:30:00";"16749.88";"1.32";"2024.01.12 21:00:00";"16838.53";"113,43";"100332,45";"IST";"End Of Friday (Time)";"-181,49";"203,20";"1d 5h 30m";"";"-3,59";"16599,13086";"113,43";"88,65";"100332,45";"16917,38086"
"190";"USATECHIDXUSD_ftmo";"Buy";"2024.01.15 01:45:00";"16811.29";"1.32";"2024.01.17 16:30:00";"16659.99";"-206,92";"100125,53";"IST";"SL";"-199,72";"114,94";"2d 14h 45m";"";"-7,20";"16659,99023";"-206,92";"-151,30";"100125,53";"16979,40039"
"191";"USATECHIDXUSD_ftmo";"Buy";"2024.01.18 03:00:00";"16741.15";"1.32";"2024.01.18 15:30:00";"16908.56";"220,98";"100346,51";"IST";"PT";"-34,89";"220,98";"12h 30m";"";"-0,00";"16590,48047";"220,98";"167,41";"100346,51";"16908,56055"
"341";"USATECHIDXUSD_ftmo";"Buy";"2024.01.23 10:15:00";"17316.53";"1.28";"2024.01.24 08:00:00";"17489.70";"218,06";"100564,57";"IST";"PT";"-42,12";"221,66";"21h 45m";"";"-3,60";"17160,67969";"218,06";"173,17";"100564,57";"17489,69922"
"433";"USATECHIDXUSD_ftmo";"Buy";"2024.01.25 20:15:00";"17515.96";"1.26";"2024.01.26 09:45:00";"17358.32";"-202,21";"100362,37";"IST";"SL";"-198,63";"19,70";"13h 30m";"";"-3,58";"17358,32031";"-202,21";"-157,64";"100362,37";"17691,11914"
"437";"USATECHIDXUSD_ftmo";"Buy";"2024.01.26 18:30:00";"17473.33";"1.27";"2024.01.26 21:00:00";"17405.02";"-86,75";"100275,61";"IST";"End Of Friday (Time)";"-105,53";"55,88";"2h 30m";"";"-0,00";"17316,07031";"-86,75";"-68,31";"100275,61";"17648,06055"
"438";"USATECHIDXUSD_ftmo";"Buy";"2024.01.29 10:00:00";"17446.29";"1.27";"2024.01.30 02:30:00";"17620.75";"217,97";"100493,59";"IST";"PT";"-46,46";"221,56";"16h 30m";"";"-3,59";"17289,26953";"217,97";"174,46";"100493,59";"17620,75000"
"482";"USATECHIDXUSD_ftmo";"Buy";"2024.01.30 19:15:00";"17501.87";"1.26";"2024.01.31 01:00:00";"17304.61";"-252,12";"100241,46";"IST";"SL";"-248,55";"0,00";"5h 45m";"";"-3,58";"17344,34961";"-252,12";"-197,26";"100241,46";"17676,89063"
"483";"USATECHIDXUSD_ftmo";"Buy";"2024.02.01 19:15:00";"17268.62";"1.28";"2024.02.01 23:00:00";"17441.31";"221,04";"100462,50";"IST";"PT";"-45,06";"221,04";"3h 45m";"";"-0,00";"17113,19922";"221,04";"172,69";"100462,50";"17441,31055"
"572";"USATECHIDXUSD_ftmo";"Buy";"2024.02.05 17:15:00";"17533.80";"1.26";"2024.02.07 17:00:00";"17709.14";"213,76";"100676,26";"IST";"PT";"-86,40";"220,93";"1d 23h 45m";"";"-7,17";"17376,00000";"213,76";"175,34";"100676,26";"17709,14063"
"761";"USATECHIDXUSD_ftmo";"Buy";"2024.02.12 21:15:00";"17896.36";"1.24";"2024.02.13 14:00:00";"17735.29";"-203,33";"100472,94";"IST";"SL";"-199,73";"16,65";"16h 45m";"";"-3,60";"17735,28906";"-203,33";"-161,07";"100472,94";"18075,32031"
"762";"USATECHIDXUSD_ftmo";"Buy";"2024.02.14 17:30:00";"17726.18";"1.25";"2024.02.16 09:45:00";"17903.44";"214,39";"100687,32";"IST";"PT";"-134,15";"221,57";"1d 16h 15m";"";"-7,19";"17566,64063";"214,39";"177,26";"100687,32";"17903,43945"
"778";"USATECHIDXUSD_ftmo";"Buy";"2024.02.16 16:30:00";"17831.16";"1.24";"2024.02.16 17:00:00";"17670.68";"-199,00";"100488,33";"IST";"SL";"-199,00";"0,00";"30m 0s";"";"-0,00";"17670,67969";"-199,00";"-160,48";"100488,33";"18009,47070"
"902";"USATECHIDXUSD_ftmo";"Buy";"2024.02.26 02:00:00";"17917.63";"1.24";"2024.03.01 08:00:00";"18096.81";"207,77";"100696,09";"IST";"PT";"-164,06";"222,18";"4d 6h 0m";"";"-14,42";"17756,36914";"207,77";"179,18";"100696,09";"18096,81055"
"999";"USATECHIDXUSD_ftmo";"Buy";"2024.03.06 16:00:00";"18058.00";"1.23";"2024.03.07 10:00:00";"17895.48";"-203,50";"100492,59";"IST";"SL";"-199,90";"109,99";"18h 0m";"";"-3,60";"17895,48047";"-203,50";"-162,52";"100492,59";"18238,58008"
"1080";"USATECHIDXUSD_ftmo";"Buy";"2024.03.08 18:30:00";"18150.28";"1.22";"2024.03.08 21:00:00";"18028.63";"-148,41";"100344,18";"IST";"End Of Friday (Time)";"-189,42";"76,64";"2h 30m";"";"-0,00";"17986,92969";"-148,41";"-121,65";"100344,18";"18331,77930"
"1084";"USATECHIDXUSD_ftmo";"Buy";"2024.03.12 08:15:00";"18056.37";"1.23";"2024.03.13 09:00:00";"18236.93";"218,49";"100562,66";"IST";"PT";"-174,57";"222,09";"1d 0h 45m";"";"-3,60";"17893,85938";"218,49";"180,56";"100562,66";"18236,92969"
"1101";"USATECHIDXUSD_ftmo";"Buy";"2024.03.13 15:45:00";"18103.09";"1.22";"2024.03.14 21:00:00";"17940.16";"-202,36";"100360,30";"IST";"SL";"-198,77";"86,32";"1d 5h 15m";"";"-3,58";"17940,16016";"-202,36";"-162,93";"100360,30";"18284,11914"
"1102";"USATECHIDXUSD_ftmo";"Buy";"2024.03.18 12:30:00";"17941.46";"1.23";"2024.03.18 16:15:00";"18120.87";"220,67";"100580,98";"IST";"PT";"-2,65";"220,67";"3h 45m";"";"-0,00";"17779,99023";"220,67";"179,41";"100580,98";"18120,86914"
"1117";"USATECHIDXUSD_ftmo";"Buy";"2024.03.19 01:45:00";"17941.15";"1.23";"2024.03.20 20:00:00";"18120.56";"217,09";"100798,07";"IST";"PT";"-166,14";"220,67";"1d 18h 15m";"";"-3,58";"17779,67969";"217,09";"179,41";"100798,07";"18120,56055"
"1214";"USATECHIDXUSD_ftmo";"Buy";"2024.03.22 13:30:00";"18308.08";"1.21";"2024.03.22 21:00:00";"18360.80";"63,79";"100861,87";"IST";"End Of Friday (Time)";"-67,39";"100,39";"7h 30m";"";"-0,00";"18143,31055";"63,79";"52,72";"100861,87";"18491,16016"
"1217";"USATECHIDXUSD_ftmo";"Buy";"2024.03.25 02:30:00";"18350.32";"1.21";"2024.03.25 15:30:00";"18185.17";"-199,83";"100662,03";"IST";"SL";"-199,83";"17,21";"13h 0m";"";"-0,00";"18185,16992";"-199,83";"-165,15";"100662,03";"18533,82031"
"1218";"USATECHIDXUSD_ftmo";"Buy";"2024.03.25 19:45:00";"18316.14";"1.21";"2024.04.02 15:30:00";"18151.29";"-228,23";"100433,80";"IST";"SL";"-199,47";"92,99";"7d 19h 45m";"";"-28,76";"18151,28906";"-228,23";"-164,85";"100433,80";"18499,30078"
"1232";"USATECHIDXUSD_ftmo";"Buy";"2024.04.03 22:00:00";"18152.11";"1.22";"2024.04.04 15:45:00";"18333.63";"217,86";"100651,66";"IST";"PT";"-69,04";"221,45";"17h 45m";"";"-3,59";"17988,74023";"217,86";"181,52";"100651,66";"18333,63086"
"1246";"USATECHIDXUSD_ftmo";"Buy";"2024.04.04 21:15:00";"18177.22";"1.22";"2024.04.04 21:45:00";"18013.63";"-199,58";"100452,09";"IST";"SL";"-199,58";"0,00";"30m 0s";"";"-0,00";"18013,63086";"-199,58";"-163,59";"100452,09";"18358,99023"
"1247";"USATECHIDXUSD_ftmo";"Buy";"2024.04.05 18:00:00";"18103.76";"1.22";"2024.04.05 21:00:00";"18090.35";"-16,36";"100435,73";"IST";"End Of Friday (Time)";"-78,24";"130,48";"3h 0m";"";"-0,00";"17940,83008";"-16,36";"-13,41";"100435,73";"18284,80078"
"1251";"USATECHIDXUSD_ftmo";"Buy";"2024.04.08 03:15:00";"18090.51";"1.22";"2024.04.10 15:15:00";"18271.42";"213,55";"100649,27";"IST";"PT";"-147,04";"220,71";"2d 12h 0m";"";"-7,16";"17927,69922";"213,55";"180,91";"100649,27";"18271,41992"
"1252";"USATECHIDXUSD_ftmo";"Buy";"2024.04.10 15:30:00";"18137.09";"1.22";"2024.04.10 15:30:00";"17973.86";"-199,14";"100450,13";"IST";"SL";"-330,87";"0,00";"0s";"";"-0,00";"17973,85938";"-199,14";"-163,23";"100450,13";"18318,46094"
"1253";"USATECHIDXUSD_ftmo";"Buy";"2024.04.11 16:00:00";"18067.66";"1.22";"2024.04.11 20:30:00";"18248.34";"220,43";"100670,56";"IST";"PT";"-89,53";"220,43";"4h 30m";"";"-0,00";"17905,05078";"220,43";"180,68";"100670,56";"18248,33984"
"1294";"USATECHIDXUSD_ftmo";"Buy";"2024.04.12 16:00:00";"18120.34";"1.22";"2024.04.12 20:15:00";"17957.26";"-198,96";"100471,60";"IST";"SL";"-198,96";"57,24";"4h 15m";"";"-0,00";"17957,25977";"-198,96";"-163,08";"100471,60";"18301,53906"
"1297";"USATECHIDXUSD_ftmo";"Buy";"2024.04.15 16:30:00";"18160.12";"1.22";"2024.04.15 18:00:00";"17996.68";"-199,40";"100272,21";"IST";"SL";"-199,40";"0,00";"1h 30m";"";"-0,00";"17996,67969";"-199,40";"-163,44";"100272,21";"18341,72070"
"1298";"USATECHIDXUSD_ftmo";"Buy";"2024.04.17 13:00:00";"17754.56";"1.25";"2024.04.17 18:30:00";"17594.77";"-199,74";"100072,47";"IST";"SL";"-199,74";"60,42";"5h 30m";"";"-0,00";"17594,76953";"-199,74";"-159,79";"100072,47";"17932,10938"
"1306";"USATECHIDXUSD_ftmo";"Buy";"2024.04.23 02:00:00";"17167.54";"1.29";"2024.04.23 16:45:00";"17339.22";"221,47";"100293,94";"IST";"PT";"-29,61";"221,47";"14h 45m";"";"-0,00";"17013,02930";"221,47";"171,68";"100293,94";"17339,22070"
"1380";"USATECHIDXUSD_ftmo";"Buy";"2024.04.25 22:15:00";"17441.13";"1.27";"2024.04.25 23:00:00";"17615.54";"221,50";"100515,44";"IST";"PT";"-43,80";"221,50";"45m 0s";"";"-0,00";"17284,16016";"221,50";"174,41";"100515,44";"17615,53906"
"1487";"USATECHIDXUSD_ftmo";"Buy";"2024.04.29 22:00:00";"17706.95";"1.25";"2024.04.30 22:15:00";"17547.59";"-202,79";"100312,65";"IST";"SL";"-199,20";"123,06";"1d 0h 15m";"";"-3,59";"17547,58984";"-202,79";"-159,36";"100312,65";"17884,01953"
"1488";"USATECHIDXUSD_ftmo";"Buy";"2024.05.01 21:45:00";"17542.02";"1.26";"2024.05.01 22:45:00";"17384.14";"-198,93";"100113,72";"IST";"SL";"-198,93";"168,96";"1h 0m";"";"-0,00";"17384,14063";"-198,93";"-157,88";"100113,72";"17717,43945"
"1507";"USATECHIDXUSD_ftmo";"Buy";"2024.05.02 16:30:00";"17419.47";"1.27";"2024.05.03 01:00:00";"17615.49";"245,36";"100359,08";"IST";"PT";"-173,15";"248,94";"8h 30m";"";"-3,59";"17262,68945";"245,36";"196,02";"100359,08";"17593,66016"
"1704";"USATECHIDXUSD_ftmo";"Buy";"2024.05.08 14:00:00";"18073.40";"1.22";"2024.05.10 21:00:00";"18155.20";"92,64";"100451,72";"IST";"End Of Friday (Time)";"-131,34";"215,52";"2d 7h 0m";"";"-7,15";"17910,74023";"92,64";"81,80";"100451,72";"18254,13086"
"1761";"USATECHIDXUSD_ftmo";"Buy";"2024.05.13 20:00:00";"18164.32";"1.22";"2024.05.15 15:30:00";"18345.96";"214,41";"100666,13";"IST";"PT";"-107,87";"221,60";"1d 19h 30m";"";"-7,19";"18000,83984";"214,41";"181,64";"100666,13";"18345,96094"
"1868";"USATECHIDXUSD_ftmo";"Buy";"2024.05.17 10:00:00";"18559.17";"1.19";"2024.05.17 21:00:00";"18526.03";"-39,44";"100626,70";"IST";"End Of Friday (Time)";"-48,52";"40,03";"11h 0m";"";"-0,00";"18392,14063";"-39,44";"-33,14";"100626,70";"18744,75977"
"1869";"USATECHIDXUSD_ftmo";"Buy";"2024.05.20 03:45:00";"18583.11";"1.19";"2024.05.23 01:00:00";"18776.18";"218,99";"100845,69";"IST";"PT";"-40,58";"229,75";"2d 21h 15m";"";"-10,76";"18415,85938";"218,99";"193,07";"100845,69";"18768,93945"
"1918";"USATECHIDXUSD_ftmo";"Buy";"2024.05.23 17:45:00";"18764.03";"1.18";"2024.05.23 21:15:00";"18595.15";"-199,28";"100646,41";"IST";"SL";"-199,28";"113,87";"3h 30m";"";"-0,00";"18595,15039";"-199,28";"-168,88";"100646,41";"18951,66992"
"2018";"USATECHIDXUSD_ftmo";"Buy";"2024.05.28 16:30:00";"18817.64";"1.18";"2024.05.30 02:15:00";"18648.28";"-207,05";"100439,36";"IST";"SL";"-199,84";"95,87";"1d 9h 45m";"";"-7,20";"18648,27930";"-207,05";"-169,36";"100439,36";"19005,82031"
"2070";"USATECHIDXUSD_ftmo";"Buy";"2024.06.03 19:00:00";"18510.08";"1.2";"2024.06.04 21:45:00";"18695.18";"218,52";"100657,88";"IST";"PT";"-145,11";"222,12";"1d 2h 45m";"";"-3,60";"18343,49023";"218,52";"185,10";"100657,88";"18695,17969"
"2221";"USATECHIDXUSD_ftmo";"Buy";"2024.06.07 14:15:00";"19017.89";"1.16";"2024.06.07 21:00:00";"19076.47";"67,95";"100725,83";"IST";"End Of Friday (Time)";"-135,30";"115,74";"6h 45m";"";"-0,00";"18846,73047";"67,95";"58,58";"100725,83";"19208,07031"
"2232";"USATECHIDXUSD_ftmo";"Buy";"2024.06.10 21:15:00";"19018.29";"1.16";"2024.06.11 22:45:00";"19208.47";"217,03";"100942,86";"IST";"PT";"-62,33";"220,61";"1d 1h 30m";"";"-3,58";"18847,13086";"217,03";"190,18";"100942,86";"19208,47070"
"2380";"USATECHIDXUSD_ftmo";"Buy";"2024.06.14 12:30:00";"19556.04";"1.13";"2024.06.14 21:00:00";"19636.90";"91,37";"101034,23";"IST";"End Of Friday (Time)";"-87,91";"112,15";"8h 30m";"";"-0,00";"19380,03906";"91,37";"80,86";"101034,23";"19751,59961"
"2595";"USATECHIDXUSD_ftmo";"Buy";"2024.06.20 16:30:00";"19953.48";"1.11";"2024.06.20 19:30:00";"19773.90";"-199,33";"100834,89";"IST";"SL";"-199,33";"26,09";"3h 0m";"";"-0,00";"19773,90039";"-199,33";"-179,58";"100834,89";"20153,00977"
"2596";"USATECHIDXUSD_ftmo";"Buy";"2024.06.25 17:15:00";"19616.61";"1.13";"2024.06.27 16:30:00";"19812.78";"214,48";"101049,38";"IST";"PT";"-50,80";"221,67";"1d 23h 15m";"";"-7,19";"19440,06055";"214,48";"196,17";"101049,38";"19812,77930"
"2601";"USATECHIDXUSD_ftmo";"Buy";"2024.06.27 18:30:00";"19711.12";"1.12";"2024.06.28 15:30:00";"19908.23";"217,18";"101266,55";"IST";"PT";"-19,40";"220,76";"21h 0m";"";"-3,58";"19533,72070";"217,18";"197,11";"101266,55";"19908,23047"
"2609";"USATECHIDXUSD_ftmo";"Buy";"2024.06.28 19:30:00";"19774.79";"1.12";"2024.06.28 21:00:00";"19795.12";"22,77";"101289,33";"IST";"End Of Friday (Time)";"-40,31";"56,67";"1h 30m";"";"-0,00";"19596,82031";"22,77";"20,33";"101289,33";"19972,53906"
"2610";"USATECHIDXUSD_ftmo";"Buy";"2024.07.01 21:15:00";"19788.11";"1.12";"2024.07.02 21:00:00";"19985.99";"218,03";"101507,36";"IST";"PT";"-132,93";"221,63";"23h 45m";"";"-3,60";"19610,01953";"218,03";"197,88";"101507,36";"19985,99023"
"2877";"USATECHIDXUSD_ftmo";"Buy";"2024.07.09 19:45:00";"20431.60";"1.08";"2024.07.10 20:00:00";"20635.92";"217,09";"101724,45";"IST";"PT";"-45,39";"220,67";"1d 0h 15m";"";"-3,58";"20247,72070";"217,09";"204,32";"101724,45";"20635,91992"
"2924";"USATECHIDXUSD_ftmo";"Buy";"2024.07.11 17:00:00";"20560.42";"1.08";"2024.07.11 18:00:00";"20375.38";"-199,84";"101524,60";"IST";"SL";"-199,84";"0,00";"1h 0m";"";"-0,00";"20375,38086";"-199,84";"-185,04";"101524,60";"20766,01953"
"2925";"USATECHIDXUSD_ftmo";"Buy";"2024.07.12 17:45:00";"20425.05";"1.08";"2024.07.12 21:00:00";"20498.53";"79,36";"101603,96";"IST";"End Of Friday (Time)";"-86,41";"111,92";"3h 15m";"";"-0,00";"20241,22070";"79,36";"73,48";"101603,96";"20629,30078"
"2926";"USATECHIDXUSD_ftmo";"Buy";"2024.07.15 06:00:00";"20363.18";"1.09";"2024.07.15 18:00:00";"20566.81";"221,96";"101825,91";"IST";"PT";"-2,28";"221,96";"12h 0m";"";"-0,00";"20179,91016";"221,96";"203,63";"101825,91";"20566,81055"
"2937";"USATECHIDXUSD_ftmo";"Buy";"2024.07.15 22:45:00";"20339.20";"1.09";"2024.07.17 10:45:00";"20156.15";"-206,72";"101619,20";"IST";"SL";"-199,52";"155,10";"1d 12h 0m";"";"-7,19";"20156,15039";"-206,72";"-183,05";"101619,20";"20542,58984"
"2938";"USATECHIDXUSD_ftmo";"Buy";"2024.07.22 13:30:00";"19690.05";"1.12";"2024.07.23 18:15:00";"19886.95";"216,95";"101836,15";"IST";"PT";"-71,25";"220,53";"1d 4h 45m";"";"-3,58";"19512,83984";"216,95";"196,90";"101836,15";"19886,94922"
"2949";"USATECHIDXUSD_ftmo";"Buy";"2024.07.23 22:45:00";"19734.04";"1.12";"2024.07.24 07:45:00";"19556.43";"-202,51";"101633,64";"IST";"SL";"-198,92";"101,69";"9h 0m";"";"-3,59";"19556,42969";"-202,51";"-177,61";"101633,64";"19931,38086"
"2950";"USATECHIDXUSD_ftmo";"Buy";"2024.07.26 12:00:00";"19061.67";"1.16";"2024.07.26 21:00:00";"19041.24";"-23,70";"101609,94";"IST";"End Of Friday (Time)";"-198,43";"99,20";"9h 0m";"";"-0,00";"18890,10938";"-23,70";"-20,43";"101609,94";"19252,28906"
"2999";"USATECHIDXUSD_ftmo";"Buy";"2024.07.29 18:00:00";"19041.31";"1.16";"2024.07.30 18:00:00";"18869.94";"-202,37";"101407,57";"IST";"SL";"-198,79";"187,68";"1d 0h 0m";"";"-3,58";"18869,93945";"-202,37";"-171,37";"101407,57";"19231,72070"
"3085";"USATECHIDXUSD_ftmo";"Buy";"2024.08.01 17:45:00";"19206.38";"1.15";"2024.08.01 18:30:00";"19033.52";"-198,79";"101208,78";"IST";"SL";"-198,79";"11,88";"45m 0s";"";"-0,00";"19033,51953";"-198,79";"-172,86";"101208,78";"19398,43945"
"3086";"USATECHIDXUSD_ftmo";"Buy";"2024.08.06 02:45:00";"18132.10";"1.22";"2024.08.06 04:00:00";"18313.42";"221,21";"101429,99";"IST";"PT";"-21,37";"221,21";"1h 15m";"";"-0,00";"17968,91016";"221,21";"181,32";"101429,99";"18313,41992"
"3106";"USATECHIDXUSD_ftmo";"Buy";"2024.08.06 11:00:00";"18054.53";"1.23";"2024.08.06 16:30:00";"17892.04";"-199,86";"101230,13";"IST";"SL";"-199,86";"103,39";"5h 30m";"";"-0,00";"17892,03906";"-199,86";"-162,49";"101230,13";"18235,08008"
"3107";"USATECHIDXUSD_ftmo";"Buy";"2024.08.06 17:00:00";"17991.01";"1.23";"2024.08.06 17:45:00";"18170.92";"221,29";"101451,41";"IST";"PT";"-1,79";"221,29";"45m 0s";"";"-0,00";"17829,08984";"221,29";"179,91";"101451,41";"18170,91992"
"3124";"USATECHIDXUSD_ftmo";"Buy";"2024.08.07 01:30:00";"17971.64";"1.23";"2024.08.07 04:30:00";"18151.36";"221,06";"101672,47";"IST";"PT";"-43,31";"221,06";"3h 0m";"";"-0,00";"17809,90039";"221,06";"179,72";"101672,47";"18151,35938"
"3166";"USATECHIDXUSD_ftmo";"Buy";"2024.08.07 19:45:00";"18168.93";"1.22";"2024.08.07 20:45:00";"18005.41";"-199,49";"101472,98";"IST";"SL";"-199,49";"26,18";"1h 0m";"";"-0,00";"18005,41016";"-199,49";"-163,52";"101472,98";"18350,61914"
"3168";"USATECHIDXUSD_ftmo";"Buy";"2024.08.08 16:30:00";"18073.31";"1.22";"2024.08.08 17:15:00";"18254.04";"220,49";"101693,47";"IST";"PT";"-138,43";"220,49";"45m 0s";"";"-0,00";"17910,65039";"220,49";"180,73";"101693,47";"18254,03906"
"3276";"USATECHIDXUSD_ftmo";"Buy";"2024.08.12 16:30:00";"18465.26";"1.2";"2024.08.12 18:00:00";"18649.91";"221,58";"101915,05";"IST";"PT";"-49,97";"221,58";"1h 30m";"";"-0,00";"18299,07031";"221,58";"184,65";"101915,05";"18649,91016"
"3288";"USATECHIDXUSD_ftmo";"Buy";"2024.08.12 22:45:00";"18491.06";"1.2";"2024.08.13 10:00:00";"18675.97";"218,29";"102133,34";"IST";"PT";"-9,46";"221,89";"11h 15m";"";"-3,60";"18324,64063";"218,29";"184,91";"102133,34";"18675,97070"
"3531";"USATECHIDXUSD_ftmo";"Buy";"2024.08.19 11:00:00";"19462.12";"1.14";"2024.08.19 21:30:00";"19656.74";"221,87";"102355,20";"IST";"PT";"-34,80";"221,87";"10h 30m";"";"-0,00";"19286,96094";"221,87";"194,62";"102355,20";"19656,74023"
"3613";"USATECHIDXUSD_ftmo";"Buy";"2024.08.21 11:15:00";"19709.89";"1.12";"2024.08.22 16:15:00";"19906.99";"217,17";"102572,38";"IST";"PT";"-27,42";"220,75";"1d 5h 0m";"";"-3,58";"19532,50000";"217,17";"197,10";"102572,38";"19906,99023"
"3616";"USATECHIDXUSD_ftmo";"Buy";"2024.08.22 17:45:00";"19779.63";"1.12";"2024.08.22 18:30:00";"19601.61";"-199,38";"102372,99";"IST";"SL";"-199,38";"53,30";"45m 0s";"";"-0,00";"19601,60938";"-199,38";"-178,02";"102372,99";"19977,42969"
"3617";"USATECHIDXUSD_ftmo";"Buy";"2024.08.23 17:15:00";"19713.10";"1.12";"2024.08.23 19:30:00";"19535.68";"-198,71";"102174,28";"IST";"SL";"-198,71";"123,56";"2h 15m";"";"-0,00";"19535,67969";"-198,71";"-177,42";"102174,28";"19910,23047"
"3618";"USATECHIDXUSD_ftmo";"Buy";"2024.08.26 03:00:00";"19685.80";"1.12";"2024.08.26 17:30:00";"19508.63";"-198,43";"101975,85";"IST";"SL";"-198,43";"95,27";"14h 30m";"";"-0,00";"19508,63086";"-198,43";"-177,17";"101975,85";"19882,66016"
"3619";"USATECHIDXUSD_ftmo";"Buy";"2024.08.27 18:15:00";"19600.90";"1.13";"2024.08.28 17:45:00";"19424.49";"-202,94";"101772,91";"IST";"SL";"-199,34";"21,74";"23h 30m";"";"-3,59";"19424,49023";"-202,94";"-176,41";"101772,91";"19796,91016"
"3620";"USATECHIDXUSD_ftmo";"Buy";"2024.08.29 13:00:00";"19427.53";"1.14";"2024.08.29 17:45:00";"19621.81";"221,48";"101994,40";"IST";"PT";"-82,80";"221,48";"4h 45m";"";"-0,00";"19252,67969";"221,48";"194,28";"101994,40";"19621,81055"
"3628";"USATECHIDXUSD_ftmo";"Buy";"2024.08.29 21:30:00";"19419.29";"1.14";"2024.08.30 21:00:00";"19394.25";"-32,14";"101962,26";"IST";"End Of Friday (Time)";"-165,75";"178,14";"23h 30m";"";"-3,59";"19244,51953";"-32,14";"-25,04";"101962,26";"19613,48047"
"3685";"USATECHIDXUSD_ftmo";"Buy";"2024.09.03 06:00:00";"19499.03";"1.13";"2024.09.03 16:30:00";"19323.54";"-198,30";"101763,95";"IST";"SL";"-198,30";"108,32";"10h 30m";"";"-0,00";"19323,53906";"-198,30";"-175,49";"101763,95";"19694,01953"
"3690";"USATECHIDXUSD_ftmo";"Buy";"2024.09.05 18:00:00";"18900.92";"1.17";"2024.09.06 10:00:00";"18730.81";"-202,62";"101561,34";"IST";"SL";"-199,03";"114,61";"16h 0m";"";"-3,59";"18730,81055";"-202,62";"-170,11";"101561,34";"19089,92969"
"3693";"USATECHIDXUSD_ftmo";"Buy";"2024.09.06 16:30:00";"18870.53";"1.17";"2024.09.06 17:00:00";"18700.70";"-198,70";"101362,64";"IST";"SL";"-198,70";"0,00";"30m 0s";"";"-0,00";"18700,69922";"-198,70";"-169,83";"101362,64";"19059,24023"
"3694";"USATECHIDXUSD_ftmo";"Buy";"2024.09.09 17:00:00";"18653.40";"1.19";"2024.09.09 17:45:00";"18485.52";"-199,78";"101162,86";"IST";"SL";"-199,78";"37,95";"45m 0s";"";"-0,00";"18485,51953";"-199,78";"-167,88";"101162,86";"18839,92969"
"3699";"USATECHIDXUSD_ftmo";"Buy";"2024.09.09 20:30:00";"18627.52";"1.19";"2024.09.10 21:15:00";"18813.80";"218,08";"101380,94";"IST";"PT";"-110,87";"221,67";"1d 0h 45m";"";"-3,60";"18459,86914";"218,08";"186,28";"101380,94";"18813,80078"
"3746";"USATECHIDXUSD_ftmo";"Buy";"2024.09.11 17:00:00";"18698.17";"1.18";"2024.09.11 17:45:00";"18529.89";"-198,57";"101182,37";"IST";"SL";"-198,57";"0,00";"45m 0s";"";"-0,00";"18529,89063";"-198,57";"-168,28";"101182,37";"18885,15039"
"3912";"USATECHIDXUSD_ftmo";"Buy";"2024.09.16 14:15:00";"19443.71";"1.14";"2024.09.18 21:00:00";"19638.15";"214,47";"101396,84";"IST";"PT";"-182,30";"221,66";"2d 6h 45m";"";"-7,19";"19268,72070";"214,47";"194,44";"101396,84";"19638,15039"
"3916";"USATECHIDXUSD_ftmo";"Buy";"2024.09.18 22:00:00";"19454.34";"1.14";"2024.09.19 08:45:00";"19648.88";"218,18";"101615,02";"IST";"PT";"-150,22";"221,78";"10h 45m";"";"-3,60";"19279,25000";"218,18";"194,54";"101615,02";"19648,88086"
"3994";"USATECHIDXUSD_ftmo";"Buy";"2024.09.20 17:45:00";"19713.33";"1.12";"2024.09.20 21:00:00";"19761.70";"54,17";"101669,19";"IST";"End Of Friday (Time)";"-98,86";"99,65";"3h 15m";"";"-0,00";"19535,91016";"54,17";"48,37";"101669,19";"19910,46094"
"4021";"USATECHIDXUSD_ftmo";"Buy";"2024.09.23 10:00:00";"19813.26";"1.12";"2024.09.25 17:00:00";"20011.39";"214,71";"101883,90";"IST";"PT";"-99,92";"221,91";"2d 7h 0m";"";"-7,20";"19634,93945";"214,71";"198,13";"101883,90";"20011,39063"
"4080";"USATECHIDXUSD_ftmo";"Buy";"2024.09.26 17:45:00";"20010.49";"1.11";"2024.09.27 21:00:00";"20061.61";"53,14";"101937,04";"IST";"End Of Friday (Time)";"-53,95";"183,83";"1d 3h 15m";"";"-3,60";"19830,40039";"53,14";"51,12";"101937,04";"20210,58984"
"4081";"USATECHIDXUSD_ftmo";"Buy";"2024.10.01 01:45:00";"20022.67";"1.1";"2024.10.01 16:45:00";"19842.47";"-198,22";"101738,82";"IST";"SL";"-198,22";"105,62";"15h 0m";"";"-0,00";"19842,47070";"-198,22";"-180,20";"101738,82";"20222,90039"
"4082";"USATECHIDXUSD_ftmo";"Buy";"2024.10.02 19:15:00";"19867.38";"1.11";"2024.10.03 10:15:00";"19688.57";"-202,06";"101536,76";"IST";"SL";"-198,48";"0,00";"15h 0m";"";"-3,58";"19688,57031";"-202,06";"-178,81";"101536,76";"20066,05078"
"4083";"USATECHIDXUSD_ftmo";"Buy";"2024.10.03 14:45:00";"19756.70";"1.12";"2024.10.04 15:30:00";"19954.27";"217,69";"101754,45";"IST";"PT";"-89,65";"221,28";"1d 0h 45m";"";"-3,59";"19578,89063";"217,69";"197,57";"101754,45";"19954,26953"
"4125";"USATECHIDXUSD_ftmo";"Buy";"2024.10.07 12:00:00";"19876.78";"1.11";"2024.10.08 17:45:00";"20075.55";"217,06";"101971,51";"IST";"PT";"-180,87";"220,63";"1d 5h 45m";"";"-3,58";"19697,89063";"217,06";"198,77";"101971,51";"20075,55078"
"4231";"USATECHIDXUSD_ftmo";"Buy";"2024.10.10 15:30:00";"20138.64";"1.1";"2024.10.11 21:00:00";"20257.43";"127,08";"102098,58";"IST";"End Of Friday (Time)";"-30,45";"197,53";"1d 5h 30m";"";"-3,59";"19957,39063";"127,08";"118,79";"102098,58";"20340,02930"
"4236";"USATECHIDXUSD_ftmo";"Buy";"2024.10.14 03:00:00";"20240.29";"1.09";"2024.10.14 16:45:00";"20442.69";"220,62";"102319,20";"IST";"PT";"-36,81";"220,62";"13h 45m";"";"-0,00";"20058,13086";"220,62";"202,40";"102319,20";"20442,68945"
"4297";"USATECHIDXUSD_ftmo";"Buy";"2024.10.15 17:15:00";"20357.32";"1.09";"2024.10.15 17:30:00";"20174.10";"-199,71";"102119,48";"IST";"SL";"-199,71";"0,00";"15m 0s";"";"-0,00";"20174,09961";"-199,71";"-183,22";"102119,48";"20560,89063"
"4336";"USATECHIDXUSD_ftmo";"Buy";"2024.10.17 21:15:00";"20203.19";"1.09";"2024.10.18 21:00:00";"20322.98";"127,00";"102246,48";"IST";"End Of Friday (Time)";"-51,37";"177,81";"23h 45m";"";"-3,57";"20021,35938";"127,00";"119,79";"102246,48";"20405,22070"
"4351";"USATECHIDXUSD_ftmo";"Buy";"2024.10.21 08:30:00";"20289.99";"1.09";"2024.10.23 19:15:00";"20107.38";"-206,22";"102040,27";"IST";"SL";"-199,04";"168,18";"2d 10h 45m";"";"-7,18";"20107,38086";"-206,22";"-182,61";"102040,27";"20492,89063"
"4352";"USATECHIDXUSD_ftmo";"Buy";"2024.10.24 14:45:00";"20254.69";"1.09";"2024.10.25 16:45:00";"20457.24";"217,20";"102257,46";"IST";"PT";"-156,29";"220,78";"1d 2h 0m";"";"-3,58";"20072,40039";"217,20";"202,55";"102257,46";"20457,24023"
"4406";"USATECHIDXUSD_ftmo";"Buy";"2024.10.28 18:00:00";"20377.08";"1.09";"2024.10.29 21:15:00";"20580.85";"218,51";"102475,97";"IST";"PT";"-92,72";"222,11";"1d 3h 15m";"";"-3,60";"20193,68945";"218,51";"203,77";"102475,97";"20580,84961"
"4443";"USATECHIDXUSD_ftmo";"Buy";"2024.10.30 15:30:00";"20470.25";"1.08";"2024.10.31 01:45:00";"20286.02";"-202,55";"102273,41";"IST";"SL";"-198,97";"96,60";"10h 15m";"";"-3,59";"20286,01953";"-202,55";"-184,23";"102273,41";"20674,94922"
"4444";"USATECHIDXUSD_ftmo";"Buy";"2024.11.01 16:30:00";"20108.08";"1.1";"2024.11.01 21:00:00";"20044.91";"-69,49";"102203,93";"IST";"End Of Friday (Time)";"-111,95";"62,73";"4h 30m";"";"-0,00";"19927,10938";"-69,49";"-63,17";"102203,93";"20309,16016"
"4462";"USATECHIDXUSD_ftmo";"Buy";"2024.11.04 10:30:00";"20026.86";"1.1";"2024.11.05 18:45:00";"20227.13";"216,72";"102420,65";"IST";"PT";"-145,48";"220,30";"1d 8h 15m";"";"-3,57";"19846,61914";"216,72";"200,27";"102420,65";"20227,13086"
"4696";"USATECHIDXUSD_ftmo";"Buy";"2024.11.11 16:30:00";"21125.82";"1.05";"2024.11.14 17:15:00";"20935.69";"-210,43";"102210,22";"IST";"SL";"-199,64";"33,64";"3d 0h 45m";"";"-10,80";"20935,68945";"-210,43";"-190,13";"102210,22";"21337,08008"
"4697";"USATECHIDXUSD_ftmo";"Buy";"2024.11.18 18:45:00";"20608.23";"1.07";"2024.11.19 11:15:00";"20422.76";"-202,03";"102008,19";"IST";"SL";"-198,45";"0,00";"16h 30m";"";"-3,58";"20422,75977";"-202,03";"-185,47";"102008,19";"20814,31055"
"4698";"USATECHIDXUSD_ftmo";"Buy";"2024.11.19 14:15:00";"20505.91";"1.08";"2024.11.19 15:45:00";"20321.36";"-199,31";"101808,88";"IST";"SL";"-199,31";"20,70";"1h 30m";"";"-0,00";"20321,35938";"-199,31";"-184,55";"101808,88";"20710,97070"
"4699";"USATECHIDXUSD_ftmo";"Buy";"2024.11.19 17:30:00";"20503.73";"1.08";"2024.11.20 02:00:00";"20708.77";"217,85";"102026,73";"IST";"PT";"-11,87";"221,44";"8h 30m";"";"-3,59";"20319,19922";"217,85";"205,04";"102026,73";"20708,76953"
"4734";"USATECHIDXUSD_ftmo";"Buy";"2024.11.20 16:30:00";"20602.78";"1.07";"2024.11.20 17:15:00";"20417.35";"-198,41";"101828,31";"IST";"SL";"-198,41";"0,00";"45m 0s";"";"-0,00";"20417,34961";"-198,41";"-185,43";"101828,31";"20808,81055"
"4735";"USATECHIDXUSD_ftmo";"Buy";"2024.11.20 19:00:00";"20602.20";"1.07";"2024.11.21 16:30:00";"20808.22";"216,87";"102045,18";"IST";"PT";"-138,97";"220,44";"21h 30m";"";"-3,58";"20416,77930";"216,87";"206,02";"102045,18";"20808,22070"
"4736";"USATECHIDXUSD_ftmo";"Buy";"2024.11.21 18:15:00";"20637.01";"1.07";"2024.11.22 21:00:00";"20768.52";"137,13";"102182,31";"IST";"End Of Friday (Time)";"-30,28";"175,53";"1d 2h 45m";"";"-3,58";"20451,27930";"137,13";"131,51";"102182,31";"20843,38086"
"4789";"USATECHIDXUSD_ftmo";"Buy";"2024.11.25 19:00:00";"20786.75";"1.06";"2024.12.02 16:30:00";"20994.62";"195,32";"102377,63";"IST";"PT";"-185,88";"220,34";"6d 21h 30m";"";"-25,02";"20599,66992";"195,32";"207,87";"102377,63";"20994,61914"
"4991";"USATECHIDXUSD_ftmo";"Buy";"2024.12.06 03:45:00";"21417.72";"1.03";"2024.12.06 21:00:00";"21614.63";"202,82";"102580,45";"IST";"End Of Friday (Time)";"-21,38";"212,89";"17h 15m";"";"-0,00";"21224,96094";"202,82";"196,91";"102580,45";"21631,90039"
"5030";"USATECHIDXUSD_ftmo";"Buy";"2024.12.09 17:15:00";"21516.50";"1.03";"2024.12.10 22:30:00";"21322.85";"-203,05";"102377,40";"IST";"SL";"-199,46";"54,58";"1d 5h 15m";"";"-3,60";"21322,84961";"-203,05";"-193,65";"102377,40";"21731,66992"
"5031";"USATECHIDXUSD_ftmo";"Buy";"2024.12.11 15:30:00";"21423.51";"1.03";"2024.12.11 16:45:00";"21637.75";"220,67";"102598,06";"IST";"PT";"-9,16";"220,67";"1h 15m";"";"-0,00";"21230,69922";"220,67";"214,24";"102598,06";"21637,75000"
"5147";"USATECHIDXUSD_ftmo";"Buy";"2024.12.13 17:30:00";"21715.19";"1.02";"2024.12.13 21:00:00";"21749.93";"35,43";"102633,50";"IST";"End Of Friday (Time)";"-73,23";"38,35";"3h 30m";"";"-0,00";"21519,75000";"35,43";"34,74";"102633,50";"21932,33984"
"5251";"USATECHIDXUSD_ftmo";"Buy";"2024.12.17 17:15:00";"21931.51";"1.01";"2024.12.18 21:30:00";"21734.13";"-202,95";"102430,55";"IST";"SL";"-199,35";"134,59";"1d 4h 15m";"";"-3,59";"21734,13086";"-202,95";"-197,38";"102430,55";"22150,83008"
"5457";"USATECHIDXUSD_ftmo";"Buy";"2024.12.27 08:00:00";"21702.65";"1.02";"2024.12.27 16:30:00";"21507.33";"-199,23";"102231,33";"IST";"SL";"-199,23";"22,90";"8h 30m";"";"-0,00";"21507,33008";"-199,23";"-195,32";"102231,33";"21919,67969"
"5458";"USATECHIDXUSD_ftmo";"Buy";"2025.01.02 10:15:00";"21183.46";"1.04";"2025.01.02 16:30:00";"20992.81";"-198,28";"102033,05";"IST";"SL";"-198,28";"104,50";"6h 15m";"";"-0,00";"20992,81055";"-198,28";"-190,65";"102033,05";"21395,28906"
"5459";"USATECHIDXUSD_ftmo";"Buy";"2025.01.02 17:00:00";"21173.14";"1.04";"2025.01.02 19:15:00";"20982.58";"-198,18";"101834,87";"IST";"SL";"-198,18";"71,80";"2h 15m";"";"-0,00";"20982,58008";"-198,18";"-190,56";"101834,87";"21384,86914"
"5463";"USATECHIDXUSD_ftmo";"Buy";"2025.01.03 17:15:00";"21072.18";"1.05";"2025.01.03 18:45:00";"21282.90";"221,26";"102056,13";"IST";"PT";"-8,99";"221,26";"1h 30m";"";"-0,00";"20882,52930";"221,26";"210,72";"102056,13";"21282,90039"
"5570";"USATECHIDXUSD_ftmo";"Buy";"2025.01.07 17:00:00";"21474.86";"1.03";"2025.01.07 17:30:00";"21281.59";"-199,07";"101857,05";"IST";"SL";"-199,07";"0,00";"30m 0s";"";"-0,00";"21281,58984";"-199,07";"-193,27";"101857,05";"21689,60938"
"5574";"USATECHIDXUSD_ftmo";"Buy";"2025.01.10 14:00:00";"21132.41";"1.05";"2025.01.10 15:30:00";"20942.22";"-199,70";"101657,36";"IST";"SL";"-199,70";"16,46";"1h 30m";"";"-0,00";"20942,22070";"-199,70";"-190,19";"101657,36";"21343,73047"
"5613";"USATECHIDXUSD_ftmo";"Buy";"2025.01.14 17:45:00";"20781.86";"1.06";"2025.01.15 15:30:00";"20989.68";"216,72";"101874,07";"IST";"PT";"-177,08";"220,29";"21h 45m";"";"-3,57";"20594,82031";"216,72";"207,82";"101874,07";"20989,67969"
"5684";"USATECHIDXUSD_ftmo";"Buy";"2025.01.16 22:45:00";"21098.40";"1.05";"2025.01.17 15:30:00";"21309.38";"217,94";"102092,01";"IST";"PT";"-73,83";"221,53";"16h 45m";"";"-3,59";"20908,50977";"217,94";"210,98";"102092,01";"21309,38086"
"5756";"USATECHIDXUSD_ftmo";"Buy";"2025.01.21 02:45:00";"21339.49";"1.04";"2025.01.21 11:45:00";"21552.88";"221,93";"102313,93";"IST";"PT";"-114,28";"221,93";"9h 0m";"";"-0,00";"21147,42969";"221,93";"213,39";"102313,93";"21552,88086"
"5769";"USATECHIDXUSD_ftmo";"Buy";"2025.01.21 16:30:00";"21461.36";"1.03";"2025.01.22 02:30:00";"21675.97";"217,46";"102531,40";"IST";"PT";"-86,29";"221,05";"10h 0m";"";"-3,59";"21268,21094";"217,46";"214,61";"102531,40";"21675,97070"
"5852";"USATECHIDXUSD_ftmo";"Buy";"2025.01.23 11:15:00";"21717.41";"1.02";"2025.01.24 16:45:00";"21934.58";"217,92";"102749,31";"IST";"PT";"-11,20";"221,51";"1d 5h 30m";"";"-3,59";"21521,94922";"217,92";"217,17";"102749,31";"21934,58008"
"5859";"USATECHIDXUSD_ftmo";"Buy";"2025.01.24 19:45:00";"21824.07";"1.01";"2025.01.24 21:00:00";"21730.58";"-94,42";"102654,89";"IST";"End Of Friday (Time)";"-98,52";"0,00";"1h 15m";"";"-0,00";"21627,65039";"-94,42";"-93,49";"102654,89";"22042,31055"
"5929";"USATECHIDXUSD_ftmo";"Buy";"2025.01.29 20:00:00";"21337.64";"1.04";"2025.01.30 04:15:00";"21551.02";"218,32";"102873,20";"IST";"PT";"-94,41";"221,92";"8h 15m";"";"-3,60";"21145,59961";"218,32";"213,38";"102873,20";"21551,01953"
"5954";"USATECHIDXUSD_ftmo";"Buy";"2025.01.30 14:15:00";"21456.83";"1.03";"2025.01.31 04:00:00";"21671.40";"217,42";"103090,63";"IST";"PT";"-160,00";"221,01";"13h 45m";"";"-3,59";"21263,72070";"217,42";"214,57";"103090,63";"21671,40039"
"6003";"USATECHIDXUSD_ftmo";"Buy";"2025.02.03 22:00:00";"21364.53";"1.04";"2025.02.04 07:00:00";"21172.25";"-203,58";"102887,05";"IST";"SL";"-199,97";"128,69";"9h 0m";"";"-3,60";"21172,25000";"-203,58";"-192,28";"102887,05";"21578,17969"
"6004";"USATECHIDXUSD_ftmo";"Buy";"2025.02.04 09:15:00";"21303.44";"1.04";"2025.02.04 17:00:00";"21516.47";"221,55";"103108,60";"IST";"PT";"-103,84";"221,55";"7h 45m";"";"-0,00";"21111,71094";"221,55";"213,03";"103108,60";"21516,47070"
"6046";"USATECHIDXUSD_ftmo";"Buy";"2025.02.05 10:30:00";"21356.25";"1.04";"2025.02.05 18:45:00";"21569.81";"222,10";"103330,70";"IST";"PT";"-33,89";"222,10";"8h 15m";"";"-0,00";"21164,03906";"222,10";"213,56";"103330,70";"21569,81055"
"6153";"USATECHIDXUSD_ftmo";"Buy";"2025.02.07 17:00:00";"21706.33";"1.02";"2025.02.07 19:00:00";"21510.97";"-199,27";"103131,44";"IST";"SL";"-199,27";"2,00";"2h 0m";"";"-0,00";"21510,97070";"-199,27";"-195,36";"103131,44";"21923,39063"
"6154";"USATECHIDXUSD_ftmo";"Buy";"2025.02.10 15:30:00";"21665.77";"1.02";"2025.02.12 15:30:00";"21470.78";"-206,06";"102925,38";"IST";"SL";"-198,89";"132,74";"2d 0h 0m";"";"-7,17";"21470,77930";"-206,06";"-194,99";"102925,38";"21882,42969"
"6155";"USATECHIDXUSD_ftmo";"Buy";"2025.02.12 19:00:00";"21682.85";"1.02";"2025.02.13 17:15:00";"21899.68";"217,58";"103142,96";"IST";"PT";"-18,05";"221,17";"22h 15m";"";"-3,59";"21487,69922";"217,58";"216,83";"103142,96";"21899,67969"
"6321";"USATECHIDXUSD_ftmo";"Buy";"2025.02.18 16:30:00";"22155.60";"1.0";"2025.02.20 16:45:00";"21956.20";"-206,59";"102936,37";"IST";"SL";"-199,40";"68,89";"2d 0h 15m";"";"-7,19";"21956,19922";"-206,59";"-199,40";"102936,37";"22377,16016"
"6323";"USATECHIDXUSD_ftmo";"Buy";"2025.02.21 12:00:00";"22090.32";"1.0";"2025.02.21 17:30:00";"21891.51";"-198,81";"102737,56";"IST";"SL";"-198,81";"85,20";"5h 30m";"";"-0,00";"21891,50977";"-198,81";"-198,81";"102737,56";"22311,22070"
"6324";"USATECHIDXUSD_ftmo";"Buy";"2025.02.26 17:15:00";"21261.77";"1.04";"2025.02.26 20:30:00";"21070.41";"-199,01";"102538,55";"IST";"SL";"-199,01";"92,50";"3h 15m";"";"-0,00";"21070,41016";"-199,01";"-191,36";"102538,55";"21474,39063"
"6325";"USATECHIDXUSD_ftmo";"Buy";"2025.02.27 07:45:00";"21187.41";"1.04";"2025.02.27 16:45:00";"20996.72";"-198,32";"102340,23";"IST";"SL";"-198,32";"147,40";"9h 0m";"";"-0,00";"20996,72070";"-198,32";"-190,69";"102340,23";"21399,27930"
"6327";"USATECHIDXUSD_ftmo";"Buy";"2025.03.03 02:15:00";"20830.86";"1.06";"2025.03.03 14:00:00";"21039.17";"220,81";"102561,04";"IST";"PT";"-40,95";"220,81";"11h 45m";"";"-0,00";"20643,38086";"220,81";"208,31";"102561,04";"21039,16992"
"6334";"USATECHIDXUSD_ftmo";"Buy";"2025.03.03 17:00:00";"20741.60";"1.07";"2025.03.03 22:00:00";"20554.93";"-199,74";"102361,30";"IST";"SL";"-199,74";"213,76";"5h 0m";"";"-0,00";"20554,92969";"-199,74";"-186,67";"102361,30";"20949,01953"
"6335";"USATECHIDXUSD_ftmo";"Buy";"2025.03.04 22:30:00";"20628.54";"1.07";"2025.03.04 22:45:00";"20442.88";"-198,66";"102162,64";"IST";"SL";"-200,34";"0,00";"15m 0s";"";"-0,00";"20442,88086";"-198,66";"-185,66";"102162,64";"20834,83008"
"6336";"USATECHIDXUSD_ftmo";"Buy";"2025.03.05 10:30:00";"20531.16";"1.08";"2025.03.05 16:00:00";"20346.38";"-199,56";"101963,08";"IST";"SL";"-199,56";"60,82";"5h 30m";"";"-0,00";"20346,38086";"-199,56";"-184,78";"101963,08";"20736,47070"
"6337";"USATECHIDXUSD_ftmo";"Buy";"2025.03.05 19:30:00";"20435.63";"1.08";"2025.03.05 21:00:00";"20639.99";"220,71";"102183,79";"IST";"PT";"-34,43";"220,71";"1h 30m";"";"-0,00";"20251,71094";"220,71";"204,36";"102183,79";"20639,99023"
"6366";"USATECHIDXUSD_ftmo";"Buy";"2025.03.06 10:00:00";"20461.91";"1.08";"2025.03.06 15:15:00";"20277.75";"-198,89";"101984,90";"IST";"SL";"-198,89";"35,45";"5h 15m";"";"-0,00";"20277,75000";"-198,89";"-184,16";"101984,90";"20666,52930"
"6386";"USATECHIDXUSD_ftmo";"Buy";"2025.03.12 17:00:00";"19433.93";"1.14";"2025.03.12 18:00:00";"19628.27";"221,55";"102206,45";"IST";"PT";"-69,70";"221,55";"1h 0m";"";"-0,00";"19259,01953";"221,55";"194,34";"102206,45";"19628,26953"
"6405";"USATECHIDXUSD_ftmo";"Buy";"2025.03.13 06:00:00";"19496.97";"1.13";"2025.03.13 16:00:00";"19321.50";"-198,28";"102008,16";"IST";"SL";"-198,28";"128,35";"10h 0m";"";"-0,00";"19321,50000";"-198,28";"-175,47";"102008,16";"19691,93945"
"6409";"USATECHIDXUSD_ftmo";"Buy";"2025.03.14 15:15:00";"19457.59";"1.14";"2025.03.14 17:30:00";"19652.17";"221,82";"102229,98";"IST";"PT";"-39,26";"221,82";"2h 15m";"";"-0,00";"19282,47070";"221,82";"194,58";"102229,98";"19652,16992"
"6511";"USATECHIDXUSD_ftmo";"Buy";"2025.03.18 14:45:00";"19687.88";"1.12";"2025.03.18 15:30:00";"19510.69";"-198,45";"102031,53";"IST";"SL";"-198,45";"24,99";"45m 0s";"";"-0,00";"19510,68945";"-198,45";"-177,19";"102031,53";"19884,75977"
"6513";"USATECHIDXUSD_ftmo";"Buy";"2025.03.19 16:30:00";"19630.66";"1.13";"2025.03.19 21:00:00";"19826.97";"221,83";"102253,36";"IST";"PT";"-73,91";"221,83";"4h 30m";"";"-0,00";"19453,98047";"221,83";"196,31";"102253,36";"19826,97070"
"6545";"USATECHIDXUSD_ftmo";"Buy";"2025.03.20 12:15:00";"19632.61";"1.13";"2025.03.20 16:15:00";"19828.94";"221,85";"102475,21";"IST";"PT";"-127,25";"221,85";"4h 0m";"";"-0,00";"19455,91992";"221,85";"196,33";"102475,21";"19828,93945"
"6550";"USATECHIDXUSD_ftmo";"Buy";"2025.03.20 18:30:00";"19654.86";"1.13";"2025.03.21 14:45:00";"19477.97";"-203,49";"102271,73";"IST";"SL";"-199,89";"86,17";"20h 15m";"";"-3,60";"19477,97070";"-203,49";"-176,89";"102271,73";"19851,41016"
"6703";"USATECHIDXUSD_ftmo";"Buy";"2025.03.26 15:45:00";"20209.69";"1.09";"2025.03.26 17:45:00";"20027.80";"-198,26";"102073,47";"IST";"SL";"-198,26";"0,00";"2h 0m";"";"-0,00";"20027,80078";"-198,26";"-181,89";"102073,47";"20411,78906"
"6704";"USATECHIDXUSD_ftmo";"Buy";"2025.04.01 08:15:00";"19214.01";"1.15";"2025.04.01 18:00:00";"19406.15";"220,96";"102294,43";"IST";"PT";"-142,51";"220,96";"9h 45m";"";"-0,00";"19041,08008";"220,96";"192,14";"102294,43";"19406,15039"
"6747";"USATECHIDXUSD_ftmo";"Buy";"2025.04.02 14:45:00";"19259.93";"1.15";"2025.04.02 17:30:00";"19452.53";"221,49";"102515,91";"IST";"PT";"-130,33";"221,49";"2h 45m";"";"-0,00";"19086,58984";"221,49";"192,60";"102515,91";"19452,52930"
"6764";"USATECHIDXUSD_ftmo";"Buy";"2025.04.07 17:15:00";"17623.77";"1.26";"2025.04.07 17:15:00";"17465.16";"-199,85";"102316,07";"IST";"SL";"-523,68";"0,00";"0s";"";"-0,00";"17465,16016";"-199,85";"-158,61";"102316,07";"17800,00977"
"6765";"USATECHIDXUSD_ftmo";"Buy";"2025.04.07 20:45:00";"17511.72";"1.26";"2025.04.07 22:00:00";"17354.11";"-198,59";"102117,48";"IST";"SL";"-198,59";"211,92";"1h 15m";"";"-0,00";"17354,10938";"-198,59";"-157,61";"102117,48";"17686,83984"
"6817";"USATECHIDXUSD_ftmo";"Buy";"2025.04.08 22:00:00";"17279.83";"1.28";"2025.04.08 22:00:00";"17124.31";"-199,07";"101918,41";"IST";"SL";"-243,61";"0,00";"0s";"";"-0,00";"17124,31055";"-199,07";"-155,52";"101918,41";"17452,63086"
"6818";"USATECHIDXUSD_ftmo";"Buy";"2025.04.09 19:15:00";"17342.78";"1.28";"2025.04.09 20:00:00";"17516.21";"221,99";"102140,41";"IST";"PT";"-52,71";"221,99";"45m 0s";"";"-0,00";"17186,68945";"221,99";"173,43";"102140,41";"17516,21094"
"6819";"USATECHIDXUSD_ftmo";"Buy";"2025.04.09 20:15:00";"17341.75";"1.28";"2025.04.09 20:15:00";"17515.17";"221,98";"102362,38";"IST";"PT";"-23,85";"221,98";"0s";"";"-0,00";"17185,66992";"221,98";"173,42";"102362,38";"17515,16992"
"6872";"USATECHIDXUSD_ftmo";"Buy";"2025.04.10 19:15:00";"17867.67";"1.24";"2025.04.10 19:30:00";"18046.35";"221,56";"102583,95";"IST";"PT";"-108,19";"221,56";"15m 0s";"";"-0,00";"17706,85938";"221,56";"178,68";"102583,95";"18046,34961"
"6875";"USATECHIDXUSD_ftmo";"Buy";"2025.04.10 20:15:00";"17902.64";"1.24";"2025.04.10 20:15:00";"18081.67";"222,00";"102805,95";"IST";"PT";"-6,47";"222,00";"0s";"";"-0,00";"17741,51953";"222,00";"179,03";"102805,95";"18081,66992"
"6885";"USATECHIDXUSD_ftmo";"Buy";"2025.04.11 03:15:00";"18067.22";"1.23";"2025.04.11 05:15:00";"18247.89";"222,22";"103028,16";"IST";"PT";"-159,01";"222,22";"2h 0m";"";"-0,00";"17904,61914";"222,22";"180,67";"103028,16";"18247,89063"
"6904";"USATECHIDXUSD_ftmo";"Buy";"2025.04.11 11:00:00";"18340.40";"1.21";"2025.04.11 13:00:00";"18523.80";"221,91";"103250,08";"IST";"PT";"-192,57";"221,91";"2h 0m";"";"-0,00";"18175,33984";"221,91";"183,40";"103250,08";"18523,80078"
"6908";"USATECHIDXUSD_ftmo";"Buy";"2025.04.11 14:15:00";"18453.67";"1.2";"2025.04.11 16:00:00";"18287.59";"-199,30";"103050,78";"IST";"SL";"-199,30";"93,69";"1h 45m";"";"-0,00";"18287,58984";"-199,30";"-166,08";"103050,78";"18638,21094"
"6910";"USATECHIDXUSD_ftmo";"Buy";"2025.04.11 20:00:00";"18555.02";"1.19";"2025.04.11 21:00:00";"18680.48";"149,30";"103200,08";"IST";"End Of Friday (Time)";"-121,71";"210,71";"1h 0m";"";"-0,00";"18388,01953";"149,30";"125,46";"103200,08";"18740,57031"
"6990";"USATECHIDXUSD_ftmo";"Buy";"2025.04.15 08:30:00";"18735.16";"1.18";"2025.04.15 16:30:00";"18922.51";"221,07";"103421,16";"IST";"PT";"-45,48";"221,07";"8h 0m";"";"-0,00";"18566,53906";"221,07";"187,35";"103421,16";"18922,50977"
"6993";"USATECHIDXUSD_ftmo";"Buy";"2025.04.15 17:15:00";"18832.47";"1.18";"2025.04.16 01:00:00";"18601.01";"-276,73";"103144,43";"IST";"SL";"-273,12";"139,64";"7h 45m";"";"-3,60";"18662,98047";"-276,73";"-231,46";"103144,43";"19020,78906"
"7098";"USATECHIDXUSD_ftmo";"Buy";"2025.04.24 10:45:00";"18543.90";"1.19";"2025.04.24 15:30:00";"18729.34";"220,67";"103365,10";"IST";"PT";"-74,42";"220,67";"4h 45m";"";"-0,00";"18377,00000";"220,67";"185,44";"103365,10";"18729,33984"
"7227";"USATECHIDXUSD_ftmo";"Buy";"2025.04.28 18:00:00";"19306.22";"1.15";"2025.04.29 05:00:00";"19499.28";"218,42";"103583,52";"IST";"PT";"-175,21";"222,02";"11h 0m";"";"-3,60";"19132,46094";"218,42";"193,06";"103583,52";"19499,27930"
"7250";"USATECHIDXUSD_ftmo";"Buy";"2025.04.29 13:45:00";"19364.32";"1.14";"2025.04.29 20:45:00";"19557.96";"220,75";"103804,27";"IST";"PT";"-99,38";"220,75";"7h 0m";"";"-0,00";"19190,03906";"220,75";"193,64";"103804,27";"19557,96094"
"7264";"USATECHIDXUSD_ftmo";"Buy";"2025.04.30 04:45:00";"19408.27";"1.14";"2025.04.30 15:30:00";"19233.60";"-199,12";"103605,14";"IST";"SL";"-199,12";"125,67";"10h 45m";"";"-0,00";"19233,59961";"-199,12";"-174,67";"103605,14";"19602,34961"
"7390";"USATECHIDXUSD_ftmo";"Buy";"2025.05.05 04:45:00";"19901.97";"1.11";"2025.05.05 21:30:00";"20100.99";"220,91";"103826,05";"IST";"PT";"-34,75";"220,91";"16h 45m";"";"-0,00";"19722,84961";"220,91";"199,02";"103826,05";"20100,99023"
"7392";"USATECHIDXUSD_ftmo";"Buy";"2025.05.06 19:15:00";"19916.00";"1.11";"2025.05.07 18:00:00";"19736.76";"-202,54";"103623,52";"IST";"SL";"-198,96";"140,19";"22h 45m";"";"-3,59";"19736,75977";"-202,54";"-179,24";"103623,52";"20115,16016"
"7393";"USATECHIDXUSD_ftmo";"Buy";"2025.05.07 22:45:00";"19849.55";"1.11";"2025.05.08 06:00:00";"20048.05";"216,76";"103840,27";"IST";"PT";"-105,84";"220,34";"7h 15m";"";"-3,57";"19670,90039";"216,76";"198,50";"103840,27";"20048,05078"
"7421";"USATECHIDXUSD_ftmo";"Buy";"2025.05.08 17:45:00";"19935.85";"1.11";"2025.05.08 18:30:00";"20135.21";"221,29";"104061,56";"IST";"PT";"-42,57";"221,29";"45m 0s";"";"-0,00";"19756,42969";"221,29";"199,36";"104061,56";"20135,21094"
"7475";"USATECHIDXUSD_ftmo";"Buy";"2025.05.09 17:15:00";"20054.33";"1.1";"2025.05.09 21:00:00";"20077.71";"25,72";"104087,28";"IST";"End Of Friday (Time)";"-82,55";"46,52";"3h 45m";"";"-0,00";"19873,83984";"25,72";"23,38";"104087,28";"20254,86914"
"7686";"USATECHIDXUSD_ftmo";"Buy";"2025.05.15 10:30:00";"21198.18";"1.04";"2025.05.15 20:00:00";"21410.16";"220,46";"104307,74";"IST";"PT";"-92,42";"220,46";"9h 30m";"";"-0,00";"21007,40039";"220,46";"211,98";"104307,74";"21410,16016"
"7689";"USATECHIDXUSD_ftmo";"Buy";"2025.05.15 22:15:00";"21247.62";"1.04";"2025.05.16 21:00:00";"21364.54";"118,01";"104425,75";"IST";"End Of Friday (Time)";"-29,33";"181,49";"22h 45m";"";"-3,58";"21056,39063";"118,01";"116,92";"104425,75";"21460,09961"
"7690";"USATECHIDXUSD_ftmo";"Buy";"2025.05.19 02:45:00";"21304.53";"1.04";"2025.05.19 09:45:00";"21112.79";"-199,41";"104226,34";"IST";"SL";"-199,41";"0,00";"7h 0m";"";"-0,00";"21112,78906";"-199,41";"-191,74";"104226,34";"21517,58008"
"7691";"USATECHIDXUSD_ftmo";"Buy";"2025.05.19 17:00:00";"21272.47";"1.04";"2025.05.20 03:00:00";"21485.19";"217,64";"104443,98";"IST";"PT";"-3,52";"221,23";"10h 0m";"";"-3,59";"21081,01953";"217,64";"212,72";"104443,98";"21485,18945"
"7723";"USATECHIDXUSD_ftmo";"Buy";"2025.05.20 16:45:00";"21294.64";"1.04";"2025.05.21 20:30:00";"21102.99";"-202,91";"104241,08";"IST";"SL";"-199,32";"199,29";"1d 3h 45m";"";"-3,59";"21102,99023";"-202,91";"-191,65";"104241,08";"21507,58984"
"7724";"USATECHIDXUSD_ftmo";"Buy";"2025.05.22 17:00:00";"21213.82";"1.04";"2025.05.23 14:15:00";"21022.90";"-202,14";"104038,94";"IST";"SL";"-198,56";"54,88";"21h 15m";"";"-3,58";"21022,90039";"-202,14";"-190,92";"104038,94";"21425,96094"
"7787";"USATECHIDXUSD_ftmo";"Buy";"2025.05.27 06:45:00";"21095.13";"1.05";"2025.05.27 17:00:00";"21306.08";"221,50";"104260,44";"IST";"PT";"-6,94";"221,50";"10h 15m";"";"-0,00";"20905,26953";"221,50";"210,95";"104260,44";"21306,08008"
"7867";"USATECHIDXUSD_ftmo";"Buy";"2025.05.28 22:45:00";"21323.62";"1.04";"2025.05.29 01:45:00";"21536.86";"218,17";"104478,61";"IST";"PT";"-49,32";"221,77";"3h 0m";"";"-3,60";"21131,71094";"218,17";"213,24";"104478,61";"21536,85938"
"7911";"USATECHIDXUSD_ftmo";"Buy";"2025.05.29 16:30:00";"21504.11";"1.03";"2025.05.29 18:45:00";"21310.57";"-199,35";"104279,27";"IST";"SL";"-199,35";"0,00";"2h 15m";"";"-0,00";"21310,57031";"-199,35";"-193,54";"104279,27";"21719,15039"
"7912";"USATECHIDXUSD_ftmo";"Buy";"2025.06.02 16:45:00";"21265.49";"1.04";"2025.06.02 21:45:00";"21478.14";"221,16";"104500,42";"IST";"PT";"-75,80";"221,16";"5h 0m";"";"-0,00";"21074,09961";"221,16";"212,65";"104500,42";"21478,14063"
"8080";"USATECHIDXUSD_ftmo";"Buy";"2025.06.05 15:30:00";"21692.50";"1.02";"2025.06.05 22:15:00";"21497.27";"-199,13";"104301,28";"IST";"SL";"-199,13";"206,23";"6h 45m";"";"-0,00";"21497,26953";"-199,13";"-195,23";"104301,28";"21909,42969"
"8175";"USATECHIDXUSD_ftmo";"Buy";"2025.06.10 08:15:00";"21762.27";"1.02";"2025.06.11 15:30:00";"21979.89";"218,37";"104519,66";"IST";"PT";"-56,78";"221,97";"1d 7h 15m";"";"-3,60";"21566,41016";"218,37";"217,62";"104519,66";"21979,89063"
"8187";"USATECHIDXUSD_ftmo";"Buy";"2025.06.11 21:00:00";"21874.00";"1.01";"2025.06.13 03:00:00";"21677.13";"-206,01";"104313,65";"IST";"SL";"-198,84";"81,81";"1d 6h 0m";"";"-7,17";"21677,13086";"-206,01";"-196,87";"104313,65";"22092,74023"
"8188";"USATECHIDXUSD_ftmo";"Buy";"2025.06.13 18:15:00";"21742.55";"1.02";"2025.06.13 21:00:00";"21771.58";"29,61";"104343,26";"IST";"End Of Friday (Time)";"-12,25";"97,02";"2h 45m";"";"-0,00";"21546,86914";"29,61";"29,03";"104343,26";"21959,98047"
"8189";"USATECHIDXUSD_ftmo";"Buy";"2025.06.16 08:30:00";"21706.12";"1.02";"2025.06.16 16:45:00";"21923.18";"221,40";"104564,66";"IST";"PT";"-14,73";"221,40";"8h 15m";"";"-0,00";"21510,75977";"221,40";"217,06";"104564,66";"21923,17969"
"8241";"USATECHIDXUSD_ftmo";"Buy";"2025.06.17 13:30:00";"21779.13";"1.02";"2025.06.19 04:00:00";"21583.12";"-207,14";"104357,52";"IST";"SL";"-199,93";"122,98";"1d 14h 30m";"";"-7,21";"21583,11914";"-207,14";"-196,01";"104357,52";"21996,91992"
"8242";"USATECHIDXUSD_ftmo";"Buy";"2025.06.20 03:15:00";"21682.55";"1.02";"2025.06.20 16:30:00";"21899.38";"221,17";"104578,69";"IST";"PT";"-59,40";"221,17";"13h 15m";"";"-0,00";"21487,41016";"221,17";"216,83";"104578,69";"21899,38086"
"8243";"USATECHIDXUSD_ftmo";"Buy";"2025.06.20 17:30:00";"21664.16";"1.02";"2025.06.20 21:00:00";"21620.83";"-44,20";"104534,49";"IST";"End Of Friday (Time)";"-120,40";"38,66";"3h 30m";"";"-0,00";"21469,17969";"-44,20";"-43,33";"104534,49";"21880,80078"
"8244";"USATECHIDXUSD_ftmo";"Buy";"2025.06.23 10:15:00";"21615.27";"1.02";"2025.06.23 20:30:00";"21831.42";"220,47";"104754,97";"IST";"PT";"-97,94";"220,47";"10h 15m";"";"-0,00";"21420,73047";"220,47";"216,15";"104754,97";"21831,41992"
"8541";"USATECHIDXUSD_ftmo";"Buy";"2025.06.30 21:30:00";"22568.10";"0.98";"2025.07.03 17:00:00";"22793.78";"210,40";"104965,37";"IST";"PT";"-191,60";"221,17";"2d 19h 30m";"";"-10,76";"22364,99023";"210,40";"225,68";"104965,37";"22793,77930"
"8584";"USATECHIDXUSD_ftmo";"Buy";"2025.07.04 16:30:00";"22699.10";"0.97";"2025.07.11 21:00:00";"22815.90";"88,29";"105053,66";"IST";"End Of Friday (Time)";"-112,03";"210,72";"7d 4h 30m";"";"-25,00";"22494,81055";"88,29";"116,80";"105053,66";"22926,08984"
"8585";"USATECHIDXUSD_ftmo";"Buy";"2025.07.14 16:30:00";"22743.63";"0.97";"2025.07.15 04:45:00";"22971.07";"217,04";"105270,70";"IST";"PT";"-77,36";"220,62";"12h 15m";"";"-3,58";"22538,93945";"217,04";"227,44";"105270,70";"22971,07031"
"8634";"USATECHIDXUSD_ftmo";"Buy";"2025.07.16 04:45:00";"22853.89";"0.97";"2025.07.17 18:45:00";"23082.43";"218,09";"105488,79";"IST";"PT";"-182,20";"221,68";"1d 14h 0m";"";"-3,60";"22648,19922";"218,09";"228,54";"105488,79";"23082,42969"
"8736";"USATECHIDXUSD_ftmo";"Buy";"2025.07.21 15:45:00";"23096.01";"0.96";"2025.07.25 19:30:00";"23326.97";"207,33";"105696,13";"IST";"PT";"-134,71";"221,72";"4d 3h 45m";"";"-14,39";"22888,15039";"207,33";"230,96";"105696,13";"23326,97070"
"8785";"USATECHIDXUSD_ftmo";"Buy";"2025.07.28 18:15:00";"23309.00";"0.95";"2025.07.30 23:00:00";"23542.09";"214,25";"105910,38";"IST";"PT";"-84,59";"221,44";"2d 4h 45m";"";"-7,18";"23099,22070";"214,25";"233,09";"105910,38";"23542,08984"
"8831";"USATECHIDXUSD_ftmo";"Buy";"2025.07.31 17:45:00";"23458.66";"0.94";"2025.07.31 20:45:00";"23247.53";"-198,46";"105711,91";"IST";"SL";"-198,46";"21,11";"3h 0m";"";"-0,00";"23247,52930";"-198,46";"-211,13";"105711,91";"23693,25000"
"5";"USATECHIDXUSD_ftmo";"Buy";"2024.01.05 19:07:00";"16330.89";"1.36";"2024.01.05 21:00:00";"16328.73";"-2,94";"99997,06";"IST";"End Of Friday (Time)";"-82,43";"18,51";"1h 53m";"";"-0,00";"16183,91016";"-2,94";"-2,16";"99997,06";"16494,19922"
"6";"USATECHIDXUSD_ftmo";"Buy";"2024.01.08 01:30:00";"16320.27";"1.36";"2024.01.08 17:04:00";"16483.47";"221,95";"100219,02";"IST";"PT";"-138,07";"221,95";"15h 34m";"";"-0,00";"16173,38965";"221,95";"163,20";"100219,02";"16483,47070"
"189";"USATECHIDXUSD_ftmo";"Buy";"2024.01.11 15:32:00";"16749.88";"1.32";"2024.01.12 21:00:00";"16838.53";"113,43";"100332,45";"IST";"End Of Friday (Time)";"-181,49";"203,20";"1d 5h 28m";"";"-3,59";"16599,13086";"113,43";"88,65";"100332,45";"16917,38086"
"190";"USATECHIDXUSD_ftmo";"Buy";"2024.01.15 01:49:00";"16811.29";"1.32";"2024.01.17 16:31:00";"16659.99";"-206,92";"100125,53";"IST";"SL";"-199,72";"114,94";"2d 14h 42m";"";"-7,20";"16659,99023";"-206,92";"-151,30";"100125,53";"16979,40039"
"191";"USATECHIDXUSD_ftmo";"Buy";"2024.01.18 03:00:00";"16741.15";"1.32";"2024.01.18 15:35:00";"16908.56";"220,98";"100346,51";"IST";"PT";"-34,89";"220,98";"12h 35m";"";"-0,00";"16590,48047";"220,98";"167,41";"100346,51";"16908,56055"
"341";"USATECHIDXUSD_ftmo";"Buy";"2024.01.23 10:21:00";"17316.53";"1.28";"2024.01.24 08:11:00";"17489.70";"218,06";"100564,57";"IST";"PT";"-42,12";"221,66";"21h 50m";"";"-3,60";"17160,67969";"218,06";"173,17";"100564,57";"17489,69922"
"433";"USATECHIDXUSD_ftmo";"Buy";"2024.01.25 20:16:00";"17515.96";"1.26";"2024.01.26 09:49:00";"17358.32";"-202,21";"100362,37";"IST";"SL";"-198,63";"19,70";"13h 33m";"";"-3,58";"17358,32031";"-202,21";"-157,64";"100362,37";"17691,11914"
"437";"USATECHIDXUSD_ftmo";"Buy";"2024.01.26 18:38:00";"17473.33";"1.27";"2024.01.26 21:00:00";"17405.02";"-86,75";"100275,61";"IST";"End Of Friday (Time)";"-105,53";"55,88";"2h 22m";"";"-0,00";"17316,07031";"-86,75";"-68,31";"100275,61";"17648,06055"
"438";"USATECHIDXUSD_ftmo";"Buy";"2024.01.29 10:00:00";"17446.29";"1.27";"2024.01.30 02:30:00";"17620.75";"217,97";"100493,59";"IST";"PT";"-46,46";"221,56";"16h 30m";"";"-3,59";"17289,26953";"217,97";"174,46";"100493,59";"17620,75000"
"482";"USATECHIDXUSD_ftmo";"Buy";"2024.01.30 19:16:00";"17501.87";"1.26";"2024.01.31 01:00:00";"17304.61";"-252,12";"100241,46";"IST";"SL";"-248,55";"10,52";"5h 44m";"";"-3,58";"17344,34961";"-252,12";"-197,26";"100241,46";"17676,89063"
"483";"USATECHIDXUSD_ftmo";"Buy";"2024.02.01 19:21:00";"17268.62";"1.28";"2024.02.01 23:12:00";"17441.31";"217,46";"100458,91";"IST";"PT";"-45,06";"221,04";"3h 51m";"";"-3,59";"17113,19922";"217,46";"172,69";"100458,91";"17441,31055"
"572";"USATECHIDXUSD_ftmo";"Buy";"2024.02.05 17:18:00";"17533.80";"1.26";"2024.02.07 17:13:00";"17709.14";"213,76";"100672,67";"IST";"PT";"-86,40";"220,93";"1d 23h 55m";"";"-7,17";"17376,00000";"213,76";"175,34";"100672,67";"17709,14063"
"761";"USATECHIDXUSD_ftmo";"Buy";"2024.02.12 21:17:00";"17896.36";"1.24";"2024.02.13 14:03:00";"17735.29";"-203,33";"100469,35";"IST";"SL";"-199,73";"16,65";"16h 46m";"";"-3,60";"17735,28906";"-203,33";"-161,07";"100469,35";"18075,32031"
"762";"USATECHIDXUSD_ftmo";"Buy";"2024.02.14 17:43:00";"17726.18";"1.25";"2024.02.16 09:55:00";"17903.44";"214,39";"100683,73";"IST";"PT";"-134,15";"221,57";"1d 16h 12m";"";"-7,19";"17566,64063";"214,39";"177,26";"100683,73";"17903,43945"
"778";"USATECHIDXUSD_ftmo";"Buy";"2024.02.16 16:32:00";"17831.16";"1.24";"2024.02.16 17:00:00";"17670.68";"-199,00";"100484,74";"IST";"SL";"-199,00";"33,62";"28m 0s";"";"-0,00";"17670,67969";"-199,00";"-160,48";"100484,74";"18009,47070"
"902";"USATECHIDXUSD_ftmo";"Buy";"2024.02.26 02:02:00";"17917.63";"1.24";"2024.03.01 08:14:00";"18096.81";"207,77";"100692,51";"IST";"PT";"-164,06";"222,18";"4d 6h 12m";"";"-14,42";"17756,36914";"207,77";"179,18";"100692,51";"18096,81055"
"999";"USATECHIDXUSD_ftmo";"Buy";"2024.03.06 16:03:00";"18058.00";"1.23";"2024.03.07 10:11:00";"17895.48";"-203,50";"100489,00";"IST";"SL";"-199,90";"109,99";"18h 8m";"";"-3,60";"17895,48047";"-203,50";"-162,52";"100489,00";"18238,58008"
"1080";"USATECHIDXUSD_ftmo";"Buy";"2024.03.08 18:31:00";"18150.28";"1.22";"2024.03.08 21:00:00";"18028.63";"-148,41";"100340,59";"IST";"End Of Friday (Time)";"-189,42";"76,64";"2h 29m";"";"-0,00";"17986,92969";"-148,41";"-121,65";"100340,59";"18331,77930"
"1084";"USATECHIDXUSD_ftmo";"Buy";"2024.03.12 08:16:00";"18056.37";"1.23";"2024.03.13 09:04:00";"18236.93";"218,49";"100559,08";"IST";"PT";"-174,57";"222,09";"1d 0h 48m";"";"-3,60";"17893,85938";"218,49";"180,56";"100559,08";"18236,92969"
"1101";"USATECHIDXUSD_ftmo";"Buy";"2024.03.13 15:45:00";"18103.09";"1.22";"2024.03.14 21:13:00";"17940.16";"-202,36";"100356,72";"IST";"SL";"-198,77";"86,32";"1d 5h 28m";"";"-3,58";"17940,16016";"-202,36";"-162,93";"100356,72";"18284,11914"
"1102";"USATECHIDXUSD_ftmo";"Buy";"2024.03.18 12:34:00";"17941.46";"1.23";"2024.03.18 16:25:00";"18120.87";"220,67";"100577,39";"IST";"PT";"-2,65";"220,67";"3h 51m";"";"-0,00";"17779,99023";"220,67";"179,41";"100577,39";"18120,86914"
"1117";"USATECHIDXUSD_ftmo";"Buy";"2024.03.19 01:45:00";"17941.15";"1.23";"2024.03.20 20:02:00";"18120.56";"217,09";"100794,48";"IST";"PT";"-166,14";"220,67";"1d 18h 17m";"";"-3,58";"17779,67969";"217,09";"179,41";"100794,48";"18120,56055"
"1214";"USATECHIDXUSD_ftmo";"Buy";"2024.03.22 13:40:00";"18308.08";"1.21";"2024.03.22 21:00:00";"18360.80";"63,79";"100858,28";"IST";"End Of Friday (Time)";"-67,39";"100,39";"7h 20m";"";"-0,00";"18143,31055";"63,79";"52,72";"100858,28";"18491,16016"
"1217";"USATECHIDXUSD_ftmo";"Buy";"2024.03.25 02:38:00";"18350.32";"1.21";"2024.03.25 15:43:00";"18185.17";"-199,83";"100658,45";"IST";"SL";"-199,83";"17,21";"13h 5m";"";"-0,00";"18185,16992";"-199,83";"-165,15";"100658,45";"18533,82031"
"1218";"USATECHIDXUSD_ftmo";"Buy";"2024.03.25 19:49:00";"18316.14";"1.21";"2024.04.02 15:42:00";"18151.29";"-228,23";"100430,22";"IST";"SL";"-199,47";"92,99";"7d 19h 53m";"";"-28,76";"18151,28906";"-228,23";"-164,85";"100430,22";"18499,30078"
"1232";"USATECHIDXUSD_ftmo";"Buy";"2024.04.03 22:14:00";"18152.11";"1.22";"2024.04.04 15:57:00";"18333.63";"217,86";"100648,08";"IST";"PT";"-69,04";"221,45";"17h 43m";"";"-3,59";"17988,74023";"217,86";"181,52";"100648,08";"18333,63086"
"1246";"USATECHIDXUSD_ftmo";"Buy";"2024.04.04 21:19:00";"18177.22";"1.22";"2024.04.04 21:55:00";"18013.63";"-199,58";"100448,50";"IST";"SL";"-199,58";"28,78";"36m 0s";"";"-0,00";"18013,63086";"-199,58";"-163,59";"100448,50";"18358,99023"
"1247";"USATECHIDXUSD_ftmo";"Buy";"2024.04.05 18:05:00";"18103.76";"1.22";"2024.04.05 21:00:00";"18090.35";"-16,36";"100432,14";"IST";"End Of Friday (Time)";"-78,24";"130,48";"2h 55m";"";"-0,00";"17940,83008";"-16,36";"-13,41";"100432,14";"18284,80078"
"1251";"USATECHIDXUSD_ftmo";"Buy";"2024.04.08 03:29:00";"18090.51";"1.22";"2024.04.10 15:29:00";"18271.42";"213,55";"100645,69";"IST";"PT";"-147,04";"220,71";"2d 12h 0m";"";"-7,16";"17927,69922";"213,55";"180,91";"100645,69";"18271,41992"
"1252";"USATECHIDXUSD_ftmo";"Buy";"2024.04.10 15:30:00";"18137.09";"1.22";"2024.04.10 15:31:00";"17973.86";"-199,14";"100446,55";"IST";"SL";"-199,14";"0,00";"1m 0s";"";"-0,00";"17973,85938";"-199,14";"-163,23";"100446,55";"18318,46094"
"1253";"USATECHIDXUSD_ftmo";"Buy";"2024.04.11 16:00:00";"18067.66";"1.22";"2024.04.11 20:44:00";"18248.34";"220,43";"100666,98";"IST";"PT";"-89,53";"220,43";"4h 44m";"";"-0,00";"17905,05078";"220,43";"180,68";"100666,98";"18248,33984"
"1294";"USATECHIDXUSD_ftmo";"Buy";"2024.04.12 16:01:00";"18120.34";"1.22";"2024.04.12 20:28:00";"17957.26";"-198,96";"100468,02";"IST";"SL";"-198,96";"57,24";"4h 27m";"";"-0,00";"17957,25977";"-198,96";"-163,08";"100468,02";"18301,53906"
"1297";"USATECHIDXUSD_ftmo";"Buy";"2024.04.15 16:30:00";"18160.12";"1.22";"2024.04.15 18:00:00";"17996.68";"-199,40";"100268,63";"IST";"SL";"-199,40";"0,00";"1h 30m";"";"-0,00";"17996,67969";"-199,40";"-163,44";"100268,63";"18341,72070"
"1298";"USATECHIDXUSD_ftmo";"Buy";"2024.04.17 13:03:00";"17754.56";"1.25";"2024.04.17 18:30:00";"17594.77";"-199,74";"100068,88";"IST";"SL";"-199,74";"60,42";"5h 27m";"";"-0,00";"17594,76953";"-199,74";"-159,79";"100068,88";"17932,10938"
"1306";"USATECHIDXUSD_ftmo";"Buy";"2024.04.23 02:13:00";"17167.54";"1.29";"2024.04.23 16:45:00";"17339.22";"221,47";"100290,35";"IST";"PT";"-29,61";"221,47";"14h 32m";"";"-0,00";"17013,02930";"221,47";"171,68";"100290,35";"17339,22070"
"1380";"USATECHIDXUSD_ftmo";"Buy";"2024.04.25 22:15:00";"17441.13";"1.27";"2024.04.25 23:03:00";"17615.54";"217,91";"100508,26";"IST";"PT";"-43,80";"221,50";"48m 0s";"";"-3,59";"17284,16016";"217,91";"174,41";"100508,26";"17615,53906"
"1487";"USATECHIDXUSD_ftmo";"Buy";"2024.04.29 22:03:00";"17706.95";"1.25";"2024.04.30 22:22:00";"17547.59";"-202,79";"100305,47";"IST";"SL";"-199,20";"123,06";"1d 0h 19m";"";"-3,59";"17547,58984";"-202,79";"-159,36";"100305,47";"17884,01953"
"1488";"USATECHIDXUSD_ftmo";"Buy";"2024.05.01 21:47:00";"17542.02";"1.26";"2024.05.01 22:52:00";"17384.14";"-198,93";"100106,54";"IST";"SL";"-198,93";"168,96";"1h 5m";"";"-0,00";"17384,14063";"-198,93";"-157,88";"100106,54";"17717,43945"
"1507";"USATECHIDXUSD_ftmo";"Buy";"2024.05.02 16:36:00";"17419.47";"1.27";"2024.05.03 01:07:00";"17615.49";"245,36";"100351,90";"IST";"PT";"-173,15";"248,94";"8h 31m";"";"-3,59";"17262,68945";"245,36";"196,02";"100351,90";"17593,66016"
"1704";"USATECHIDXUSD_ftmo";"Buy";"2024.05.08 14:00:00";"18073.40";"1.22";"2024.05.10 21:00:00";"18155.20";"92,64";"100444,54";"IST";"End Of Friday (Time)";"-131,34";"215,52";"2d 7h 0m";"";"-7,15";"17910,74023";"92,64";"81,80";"100444,54";"18254,13086"
"1761";"USATECHIDXUSD_ftmo";"Buy";"2024.05.13 20:06:00";"18164.32";"1.22";"2024.05.15 15:30:00";"18345.96";"214,41";"100658,95";"IST";"PT";"-107,87";"221,60";"1d 19h 24m";"";"-7,19";"18000,83984";"214,41";"181,64";"100658,95";"18345,96094"
"1868";"USATECHIDXUSD_ftmo";"Buy";"2024.05.17 10:10:00";"18559.17";"1.19";"2024.05.17 21:00:00";"18526.03";"-39,44";"100619,52";"IST";"End Of Friday (Time)";"-48,52";"40,03";"10h 50m";"";"-0,00";"18392,14063";"-39,44";"-33,14";"100619,52";"18744,75977"
"1869";"USATECHIDXUSD_ftmo";"Buy";"2024.05.20 03:46:00";"18583.11";"1.19";"2024.05.23 01:07:00";"18776.18";"218,99";"100838,51";"IST";"PT";"-40,58";"229,75";"2d 21h 21m";"";"-10,76";"18415,85938";"218,99";"193,07";"100838,51";"18768,93945"
"1918";"USATECHIDXUSD_ftmo";"Buy";"2024.05.23 17:54:00";"18764.03";"1.18";"2024.05.23 21:24:00";"18595.15";"-199,28";"100639,23";"IST";"SL";"-199,28";"113,87";"3h 30m";"";"-0,00";"18595,15039";"-199,28";"-168,88";"100639,23";"18951,66992"
"2018";"USATECHIDXUSD_ftmo";"Buy";"2024.05.28 16:44:00";"18817.64";"1.18";"2024.05.30 02:28:00";"18648.28";"-207,05";"100432,18";"IST";"SL";"-199,84";"95,87";"1d 9h 44m";"";"-7,20";"18648,27930";"-207,05";"-169,36";"100432,18";"19005,82031"
"2070";"USATECHIDXUSD_ftmo";"Buy";"2024.06.03 19:12:00";"18510.08";"1.2";"2024.06.04 21:45:00";"18695.18";"218,52";"100650,70";"IST";"PT";"-145,11";"222,12";"1d 2h 33m";"";"-3,60";"18343,49023";"218,52";"185,10";"100650,70";"18695,17969"
"2221";"USATECHIDXUSD_ftmo";"Buy";"2024.06.07 14:27:00";"19017.89";"1.16";"2024.06.07 21:00:00";"19076.47";"67,95";"100718,65";"IST";"End Of Friday (Time)";"-135,30";"115,74";"6h 33m";"";"-0,00";"18846,73047";"67,95";"58,58";"100718,65";"19208,07031"
"2232";"USATECHIDXUSD_ftmo";"Buy";"2024.06.10 21:20:00";"19018.29";"1.16";"2024.06.11 22:59:00";"19208.47";"217,03";"100935,68";"IST";"PT";"-62,33";"220,61";"1d 1h 39m";"";"-3,58";"18847,13086";"217,03";"190,18";"100935,68";"19208,47070"
"2380";"USATECHIDXUSD_ftmo";"Buy";"2024.06.14 12:40:00";"19556.04";"1.13";"2024.06.14 21:00:00";"19636.90";"91,37";"101027,05";"IST";"End Of Friday (Time)";"-87,91";"112,15";"8h 20m";"";"-0,00";"19380,03906";"91,37";"80,86";"101027,05";"19751,59961"
"2595";"USATECHIDXUSD_ftmo";"Buy";"2024.06.20 16:31:00";"19953.48";"1.11";"2024.06.20 19:30:00";"19773.90";"-199,33";"100827,72";"IST";"SL";"-199,33";"26,09";"2h 59m";"";"-0,00";"19773,90039";"-199,33";"-179,58";"100827,72";"20153,00977"
"2596";"USATECHIDXUSD_ftmo";"Buy";"2024.06.25 17:15:00";"19616.61";"1.13";"2024.06.27 16:36:00";"19812.78";"214,48";"101042,20";"IST";"PT";"-50,80";"221,67";"1d 23h 21m";"";"-7,19";"19440,06055";"214,48";"196,17";"101042,20";"19812,77930"
"2601";"USATECHIDXUSD_ftmo";"Buy";"2024.06.27 18:30:00";"19711.12";"1.12";"2024.06.28 15:30:00";"19908.23";"217,18";"101259,38";"IST";"PT";"-19,40";"220,76";"21h 0m";"";"-3,58";"19533,72070";"217,18";"197,11";"101259,38";"19908,23047"
"2609";"USATECHIDXUSD_ftmo";"Buy";"2024.06.28 19:38:00";"19774.79";"1.12";"2024.06.28 21:00:00";"19795.12";"22,77";"101282,15";"IST";"End Of Friday (Time)";"-40,31";"56,67";"1h 22m";"";"-0,00";"19596,82031";"22,77";"20,33";"101282,15";"19972,53906"
"2610";"USATECHIDXUSD_ftmo";"Buy";"2024.07.01 21:23:00";"19788.11";"1.12";"2024.07.02 21:13:00";"19985.99";"218,03";"101500,18";"IST";"PT";"-132,93";"221,63";"23h 50m";"";"-3,60";"19610,01953";"218,03";"197,88";"101500,18";"19985,99023"
"2877";"USATECHIDXUSD_ftmo";"Buy";"2024.07.09 19:46:00";"20431.60";"1.08";"2024.07.10 20:05:00";"20635.92";"217,09";"101717,27";"IST";"PT";"-45,39";"220,67";"1d 0h 19m";"";"-3,58";"20247,72070";"217,09";"204,32";"101717,27";"20635,91992"
"2924";"USATECHIDXUSD_ftmo";"Buy";"2024.07.11 17:12:00";"20560.42";"1.08";"2024.07.11 18:01:00";"20375.38";"-199,84";"101517,42";"IST";"SL";"-199,84";"0,00";"49m 0s";"";"-0,00";"20375,38086";"-199,84";"-185,04";"101517,42";"20766,01953"
"2925";"USATECHIDXUSD_ftmo";"Buy";"2024.07.12 17:45:00";"20425.05";"1.08";"2024.07.12 21:00:00";"20498.53";"79,36";"101596,78";"IST";"End Of Friday (Time)";"-86,41";"111,92";"3h 15m";"";"-0,00";"20241,22070";"79,36";"73,48";"101596,78";"20629,30078"
"2926";"USATECHIDXUSD_ftmo";"Buy";"2024.07.15 06:00:00";"20363.18";"1.09";"2024.07.15 18:13:00";"20566.81";"221,96";"101818,73";"IST";"PT";"-2,28";"221,96";"12h 13m";"";"-0,00";"20179,91016";"221,96";"203,63";"101818,73";"20566,81055"
"2937";"USATECHIDXUSD_ftmo";"Buy";"2024.07.15 22:50:00";"20339.20";"1.09";"2024.07.17 10:56:00";"20156.15";"-206,72";"101612,02";"IST";"SL";"-199,52";"155,10";"1d 12h 6m";"";"-7,19";"20156,15039";"-206,72";"-183,05";"101612,02";"20542,58984"
"2938";"USATECHIDXUSD_ftmo";"Buy";"2024.07.22 13:30:00";"19690.05";"1.12";"2024.07.23 18:15:00";"19886.95";"216,95";"101828,97";"IST";"PT";"-71,25";"220,53";"1d 4h 45m";"";"-3,58";"19512,83984";"216,95";"196,90";"101828,97";"19886,94922"
"2949";"USATECHIDXUSD_ftmo";"Buy";"2024.07.23 22:55:00";"19734.04";"1.12";"2024.07.24 07:58:00";"19556.43";"-202,51";"101626,46";"IST";"SL";"-198,92";"101,69";"9h 3m";"";"-3,59";"19556,42969";"-202,51";"-177,61";"101626,46";"19931,38086"
"2950";"USATECHIDXUSD_ftmo";"Buy";"2024.07.26 12:00:00";"19061.67";"1.16";"2024.07.26 21:00:00";"19041.24";"-23,70";"101602,76";"IST";"End Of Friday (Time)";"-198,43";"99,20";"9h 0m";"";"-0,00";"18890,10938";"-23,70";"-20,43";"101602,76";"19252,28906"
"2999";"USATECHIDXUSD_ftmo";"Buy";"2024.07.29 18:09:00";"19041.31";"1.16";"2024.07.30 18:03:00";"18869.94";"-202,37";"101400,39";"IST";"SL";"-198,79";"187,68";"23h 54m";"";"-3,58";"18869,93945";"-202,37";"-171,37";"101400,39";"19231,72070"
"3085";"USATECHIDXUSD_ftmo";"Buy";"2024.08.01 17:48:00";"19206.38";"1.15";"2024.08.01 18:42:00";"19033.52";"-198,79";"101201,60";"IST";"SL";"-198,79";"49,05";"54m 0s";"";"-0,00";"19033,51953";"-198,79";"-172,86";"101201,60";"19398,43945"
"3086";"USATECHIDXUSD_ftmo";"Buy";"2024.08.06 02:46:00";"18132.10";"1.22";"2024.08.06 04:13:00";"18313.42";"221,21";"101422,81";"IST";"PT";"-21,37";"221,21";"1h 27m";"";"-0,00";"17968,91016";"221,21";"181,32";"101422,81";"18313,41992"
"3106";"USATECHIDXUSD_ftmo";"Buy";"2024.08.06 11:14:00";"18054.53";"1.23";"2024.08.06 16:42:00";"17892.04";"-199,86";"101222,95";"IST";"SL";"-199,86";"103,39";"5h 28m";"";"-0,00";"17892,03906";"-199,86";"-162,49";"101222,95";"18235,08008"
"3107";"USATECHIDXUSD_ftmo";"Buy";"2024.08.06 17:01:00";"17991.01";"1.23";"2024.08.06 17:46:00";"18170.92";"221,29";"101444,23";"IST";"PT";"-1,79";"221,29";"45m 0s";"";"-0,00";"17829,08984";"221,29";"179,91";"101444,23";"18170,91992"
"3124";"USATECHIDXUSD_ftmo";"Buy";"2024.08.07 01:41:00";"17971.64";"1.23";"2024.08.07 04:42:00";"18151.36";"221,06";"101665,29";"IST";"PT";"-43,31";"221,06";"3h 1m";"";"-0,00";"17809,90039";"221,06";"179,72";"101665,29";"18151,35938"
"3166";"USATECHIDXUSD_ftmo";"Buy";"2024.08.07 19:50:00";"18168.93";"1.22";"2024.08.07 20:52:00";"18005.41";"-199,49";"101465,80";"IST";"SL";"-199,49";"37,35";"1h 2m";"";"-0,00";"18005,41016";"-199,49";"-163,52";"101465,80";"18350,61914"
"3168";"USATECHIDXUSD_ftmo";"Buy";"2024.08.08 16:37:00";"18073.31";"1.22";"2024.08.08 17:27:00";"18254.04";"220,49";"101686,29";"IST";"PT";"-138,43";"220,49";"50m 0s";"";"-0,00";"17910,65039";"220,49";"180,73";"101686,29";"18254,03906"
"3276";"USATECHIDXUSD_ftmo";"Buy";"2024.08.12 16:44:00";"18465.26";"1.2";"2024.08.12 18:02:00";"18649.91";"221,58";"101907,87";"IST";"PT";"-49,97";"221,58";"1h 18m";"";"-0,00";"18299,07031";"221,58";"184,65";"101907,87";"18649,91016"
"3288";"USATECHIDXUSD_ftmo";"Buy";"2024.08.12 22:53:00";"18491.06";"1.2";"2024.08.13 10:07:00";"18675.97";"218,29";"102126,16";"IST";"PT";"-9,46";"221,89";"11h 14m";"";"-3,60";"18324,64063";"218,29";"184,91";"102126,16";"18675,97070"
"3531";"USATECHIDXUSD_ftmo";"Buy";"2024.08.19 11:03:00";"19462.12";"1.14";"2024.08.19 21:32:00";"19656.74";"221,87";"102348,02";"IST";"PT";"-34,80";"221,87";"10h 29m";"";"-0,00";"19286,96094";"221,87";"194,62";"102348,02";"19656,74023"
"3613";"USATECHIDXUSD_ftmo";"Buy";"2024.08.21 11:26:00";"19709.89";"1.12";"2024.08.22 16:17:00";"19906.99";"217,17";"102565,20";"IST";"PT";"-27,42";"220,75";"1d 4h 51m";"";"-3,58";"19532,50000";"217,17";"197,10";"102565,20";"19906,99023"
"3616";"USATECHIDXUSD_ftmo";"Buy";"2024.08.22 17:49:00";"19779.63";"1.12";"2024.08.22 18:43:00";"19601.61";"-199,38";"102365,81";"IST";"SL";"-199,38";"53,30";"54m 0s";"";"-0,00";"19601,60938";"-199,38";"-178,02";"102365,81";"19977,42969"
"3617";"USATECHIDXUSD_ftmo";"Buy";"2024.08.23 17:17:00";"19713.10";"1.12";"2024.08.23 19:42:00";"19535.68";"-198,71";"102167,10";"IST";"SL";"-198,71";"123,56";"2h 25m";"";"-0,00";"19535,67969";"-198,71";"-177,42";"102167,10";"19910,23047"
"3618";"USATECHIDXUSD_ftmo";"Buy";"2024.08.26 03:10:00";"19685.80";"1.12";"2024.08.26 17:31:00";"19508.63";"-198,43";"101968,67";"IST";"SL";"-198,43";"95,27";"14h 21m";"";"-0,00";"19508,63086";"-198,43";"-177,17";"101968,67";"19882,66016"
"3619";"USATECHIDXUSD_ftmo";"Buy";"2024.08.27 18:17:00";"19600.90";"1.13";"2024.08.28 17:45:00";"19424.49";"-202,94";"101765,74";"IST";"SL";"-199,34";"21,74";"23h 28m";"";"-3,59";"19424,49023";"-202,94";"-176,41";"101765,74";"19796,91016"
"3620";"USATECHIDXUSD_ftmo";"Buy";"2024.08.29 13:00:00";"19427.53";"1.14";"2024.08.29 17:50:00";"19621.81";"221,48";"101987,22";"IST";"PT";"-82,80";"221,48";"4h 50m";"";"-0,00";"19252,67969";"221,48";"194,28";"101987,22";"19621,81055"
"3628";"USATECHIDXUSD_ftmo";"Buy";"2024.08.29 21:30:00";"19419.29";"1.14";"2024.08.30 21:00:00";"19394.25";"-32,14";"101955,08";"IST";"End Of Friday (Time)";"-165,75";"178,14";"23h 30m";"";"-3,59";"19244,51953";"-32,14";"-25,04";"101955,08";"19613,48047"
"3685";"USATECHIDXUSD_ftmo";"Buy";"2024.09.03 06:01:00";"19499.03";"1.13";"2024.09.03 16:41:00";"19323.54";"-198,30";"101756,77";"IST";"SL";"-198,30";"108,32";"10h 40m";"";"-0,00";"19323,53906";"-198,30";"-175,49";"101756,77";"19694,01953"
"3690";"USATECHIDXUSD_ftmo";"Buy";"2024.09.05 18:01:00";"18900.92";"1.17";"2024.09.06 10:14:00";"18730.81";"-202,62";"101554,16";"IST";"SL";"-199,03";"114,61";"16h 13m";"";"-3,59";"18730,81055";"-202,62";"-170,11";"101554,16";"19089,92969"
"3693";"USATECHIDXUSD_ftmo";"Buy";"2024.09.06 16:32:00";"18870.53";"1.17";"2024.09.06 17:00:00";"18700.70";"-198,70";"101355,46";"IST";"SL";"-198,70";"47,68";"28m 0s";"";"-0,00";"18700,69922";"-198,70";"-169,83";"101355,46";"19059,24023"
"3694";"USATECHIDXUSD_ftmo";"Buy";"2024.09.09 17:00:00";"18653.40";"1.19";"2024.09.09 17:59:00";"18485.52";"-199,78";"101155,68";"IST";"SL";"-199,78";"37,95";"59m 0s";"";"-0,00";"18485,51953";"-199,78";"-167,88";"101155,68";"18839,92969"
"3699";"USATECHIDXUSD_ftmo";"Buy";"2024.09.09 20:43:00";"18627.52";"1.19";"2024.09.10 21:15:00";"18813.80";"218,08";"101373,76";"IST";"PT";"-110,87";"221,67";"1d 0h 32m";"";"-3,60";"18459,86914";"218,08";"186,28";"101373,76";"18813,80078"
"3746";"USATECHIDXUSD_ftmo";"Buy";"2024.09.11 17:14:00";"18698.17";"1.18";"2024.09.11 17:52:00";"18529.89";"-198,57";"101175,19";"IST";"SL";"-198,57";"0,00";"38m 0s";"";"-0,00";"18529,89063";"-198,57";"-168,28";"101175,19";"18885,15039"
"3912";"USATECHIDXUSD_ftmo";"Buy";"2024.09.16 14:23:00";"19443.71";"1.14";"2024.09.18 21:01:00";"19638.15";"214,47";"101389,66";"IST";"PT";"-182,30";"221,66";"2d 6h 38m";"";"-7,19";"19268,72070";"214,47";"194,44";"101389,66";"19638,15039"
"3916";"USATECHIDXUSD_ftmo";"Buy";"2024.09.18 22:00:00";"19454.34";"1.14";"2024.09.19 08:58:00";"19648.88";"218,18";"101607,84";"IST";"PT";"-150,22";"221,78";"10h 58m";"";"-3,60";"19279,25000";"218,18";"194,54";"101607,84";"19648,88086"
"3994";"USATECHIDXUSD_ftmo";"Buy";"2024.09.20 17:52:00";"19713.33";"1.12";"2024.09.20 21:00:00";"19761.70";"54,17";"101662,02";"IST";"End Of Friday (Time)";"-98,86";"99,65";"3h 8m";"";"-0,00";"19535,91016";"54,17";"48,37";"101662,02";"19910,46094"
"4021";"USATECHIDXUSD_ftmo";"Buy";"2024.09.23 10:05:00";"19813.26";"1.12";"2024.09.25 17:00:00";"20011.39";"214,71";"101876,72";"IST";"PT";"-99,92";"221,91";"2d 6h 55m";"";"-7,20";"19634,93945";"214,71";"198,13";"101876,72";"20011,39063"
"4080";"USATECHIDXUSD_ftmo";"Buy";"2024.09.26 17:55:00";"20010.49";"1.11";"2024.09.27 21:00:00";"20061.61";"53,14";"101929,86";"IST";"End Of Friday (Time)";"-53,95";"183,83";"1d 3h 5m";"";"-3,60";"19830,40039";"53,14";"51,12";"101929,86";"20210,58984"
"4081";"USATECHIDXUSD_ftmo";"Buy";"2024.10.01 01:45:00";"20022.67";"1.1";"2024.10.01 16:47:00";"19842.47";"-198,22";"101731,64";"IST";"SL";"-198,22";"105,62";"15h 2m";"";"-0,00";"19842,47070";"-198,22";"-180,20";"101731,64";"20222,90039"
"4082";"USATECHIDXUSD_ftmo";"Buy";"2024.10.02 19:15:00";"19867.38";"1.11";"2024.10.03 10:26:00";"19688.57";"-202,06";"101529,58";"IST";"SL";"-198,48";"9,69";"15h 11m";"";"-3,58";"19688,57031";"-202,06";"-178,81";"101529,58";"20066,05078"
"4083";"USATECHIDXUSD_ftmo";"Buy";"2024.10.03 14:49:00";"19756.70";"1.12";"2024.10.04 15:30:00";"19954.27";"217,69";"101747,27";"IST";"PT";"-89,65";"221,28";"1d 0h 41m";"";"-3,59";"19578,89063";"217,69";"197,57";"101747,27";"19954,26953"
"4125";"USATECHIDXUSD_ftmo";"Buy";"2024.10.07 12:10:00";"19876.78";"1.11";"2024.10.08 17:47:00";"20075.55";"217,06";"101964,33";"IST";"PT";"-180,87";"220,63";"1d 5h 37m";"";"-3,58";"19697,89063";"217,06";"198,77";"101964,33";"20075,55078"
"4231";"USATECHIDXUSD_ftmo";"Buy";"2024.10.10 15:40:00";"20138.64";"1.1";"2024.10.11 21:00:00";"20257.43";"127,08";"102091,40";"IST";"End Of Friday (Time)";"-30,45";"197,53";"1d 5h 20m";"";"-3,59";"19957,39063";"127,08";"118,79";"102091,40";"20340,02930"
"4236";"USATECHIDXUSD_ftmo";"Buy";"2024.10.14 03:14:00";"20240.29";"1.09";"2024.10.14 16:46:00";"20442.69";"220,62";"102312,02";"IST";"PT";"-36,81";"220,62";"13h 32m";"";"-0,00";"20058,13086";"220,62";"202,40";"102312,02";"20442,68945"
"4297";"USATECHIDXUSD_ftmo";"Buy";"2024.10.15 17:29:00";"20357.32";"1.09";"2024.10.15 17:40:00";"20174.10";"-199,71";"102112,30";"IST";"SL";"-199,71";"0,00";"11m 0s";"";"-0,00";"20174,09961";"-199,71";"-183,22";"102112,30";"20560,89063"
"4336";"USATECHIDXUSD_ftmo";"Buy";"2024.10.17 21:23:00";"20203.19";"1.09";"2024.10.18 21:00:00";"20322.98";"127,00";"102239,30";"IST";"End Of Friday (Time)";"-51,37";"177,81";"23h 37m";"";"-3,57";"20021,35938";"127,00";"119,79";"102239,30";"20405,22070"
"4351";"USATECHIDXUSD_ftmo";"Buy";"2024.10.21 08:39:00";"20289.99";"1.09";"2024.10.23 19:29:00";"20107.38";"-206,22";"102033,09";"IST";"SL";"-199,04";"168,18";"2d 10h 50m";"";"-7,18";"20107,38086";"-206,22";"-182,61";"102033,09";"20492,89063"
"4352";"USATECHIDXUSD_ftmo";"Buy";"2024.10.24 14:45:00";"20254.69";"1.09";"2024.10.25 16:46:00";"20457.24";"217,20";"102250,28";"IST";"PT";"-156,29";"220,78";"1d 2h 1m";"";"-3,58";"20072,40039";"217,20";"202,55";"102250,28";"20457,24023"
"4406";"USATECHIDXUSD_ftmo";"Buy";"2024.10.28 18:01:00";"20377.08";"1.09";"2024.10.29 21:18:00";"20580.85";"218,51";"102468,79";"IST";"PT";"-92,72";"222,11";"1d 3h 17m";"";"-3,60";"20193,68945";"218,51";"203,77";"102468,79";"20580,84961"
"4443";"USATECHIDXUSD_ftmo";"Buy";"2024.10.30 15:39:00";"20470.25";"1.08";"2024.10.31 01:54:00";"20286.02";"-202,55";"102266,23";"IST";"SL";"-198,97";"96,60";"10h 15m";"";"-3,59";"20286,01953";"-202,55";"-184,23";"102266,23";"20674,94922"
"4444";"USATECHIDXUSD_ftmo";"Buy";"2024.11.01 16:38:00";"20108.08";"1.1";"2024.11.01 21:00:00";"20044.91";"-69,49";"102196,75";"IST";"End Of Friday (Time)";"-111,95";"62,73";"4h 22m";"";"-0,00";"19927,10938";"-69,49";"-63,17";"102196,75";"20309,16016"
"4462";"USATECHIDXUSD_ftmo";"Buy";"2024.11.04 10:36:00";"20026.86";"1.1";"2024.11.05 18:57:00";"20227.13";"216,72";"102413,47";"IST";"PT";"-145,48";"220,30";"1d 8h 21m";"";"-3,57";"19846,61914";"216,72";"200,27";"102413,47";"20227,13086"
"4696";"USATECHIDXUSD_ftmo";"Buy";"2024.11.11 16:43:00";"21125.82";"1.05";"2024.11.14 17:19:00";"20935.69";"-210,43";"102203,04";"IST";"SL";"-199,64";"33,64";"3d 0h 36m";"";"-10,80";"20935,68945";"-210,43";"-190,13";"102203,04";"21337,08008"
"4697";"USATECHIDXUSD_ftmo";"Buy";"2024.11.18 18:46:00";"20608.23";"1.07";"2024.11.19 11:29:00";"20422.76";"-202,03";"102001,01";"IST";"SL";"-198,45";"5,24";"16h 43m";"";"-3,58";"20422,75977";"-202,03";"-185,47";"102001,01";"20814,31055"
"4698";"USATECHIDXUSD_ftmo";"Buy";"2024.11.19 14:19:00";"20505.91";"1.08";"2024.11.19 15:54:00";"20321.36";"-199,31";"101801,70";"IST";"SL";"-199,31";"20,70";"1h 35m";"";"-0,00";"20321,35938";"-199,31";"-184,55";"101801,70";"20710,97070"
"4699";"USATECHIDXUSD_ftmo";"Buy";"2024.11.19 17:30:00";"20503.73";"1.08";"2024.11.20 02:10:00";"20708.77";"217,85";"102019,55";"IST";"PT";"-11,87";"221,44";"8h 40m";"";"-3,59";"20319,19922";"217,85";"205,04";"102019,55";"20708,76953"
"4734";"USATECHIDXUSD_ftmo";"Buy";"2024.11.20 16:37:00";"20602.78";"1.07";"2024.11.20 17:17:00";"20417.35";"-198,41";"101821,13";"IST";"SL";"-198,41";"0,85";"40m 0s";"";"-0,00";"20417,34961";"-198,41";"-185,43";"101821,13";"20808,81055"
"4735";"USATECHIDXUSD_ftmo";"Buy";"2024.11.20 19:03:00";"20602.20";"1.07";"2024.11.21 16:31:00";"20808.22";"216,87";"102038,00";"IST";"PT";"-138,97";"220,44";"21h 28m";"";"-3,58";"20416,77930";"216,87";"206,02";"102038,00";"20808,22070"
"4736";"USATECHIDXUSD_ftmo";"Buy";"2024.11.21 18:16:00";"20637.01";"1.07";"2024.11.22 21:00:00";"20768.52";"137,13";"102175,13";"IST";"End Of Friday (Time)";"-30,28";"175,53";"1d 2h 44m";"";"-3,58";"20451,27930";"137,13";"131,51";"102175,13";"20843,38086"
"4789";"USATECHIDXUSD_ftmo";"Buy";"2024.11.25 19:12:00";"20786.75";"1.06";"2024.12.02 16:30:00";"20994.62";"195,32";"102370,45";"IST";"PT";"-185,88";"220,34";"6d 21h 18m";"";"-25,02";"20599,66992";"195,32";"207,87";"102370,45";"20994,61914"
"4991";"USATECHIDXUSD_ftmo";"Buy";"2024.12.06 03:45:00";"21417.72";"1.03";"2024.12.06 21:00:00";"21614.63";"202,82";"102573,27";"IST";"End Of Friday (Time)";"-21,38";"212,89";"17h 15m";"";"-0,00";"21224,96094";"202,82";"196,91";"102573,27";"21631,90039"
"5030";"USATECHIDXUSD_ftmo";"Buy";"2024.12.09 17:28:00";"21516.50";"1.03";"2024.12.10 22:31:00";"21322.85";"-203,05";"102370,22";"IST";"SL";"-199,46";"54,58";"1d 5h 3m";"";"-3,60";"21322,84961";"-203,05";"-193,65";"102370,22";"21731,66992"
"5031";"USATECHIDXUSD_ftmo";"Buy";"2024.12.11 15:30:00";"21423.51";"1.03";"2024.12.11 16:47:00";"21637.75";"220,67";"102590,88";"IST";"PT";"-9,16";"220,67";"1h 17m";"";"-0,00";"21230,69922";"220,67";"214,24";"102590,88";"21637,75000"
"5147";"USATECHIDXUSD_ftmo";"Buy";"2024.12.13 17:42:00";"21715.19";"1.02";"2024.12.13 21:00:00";"21749.93";"35,43";"102626,32";"IST";"End Of Friday (Time)";"-73,23";"38,35";"3h 18m";"";"-0,00";"21519,75000";"35,43";"34,74";"102626,32";"21932,33984"
"5251";"USATECHIDXUSD_ftmo";"Buy";"2024.12.17 17:20:00";"21931.51";"1.01";"2024.12.18 21:30:00";"21734.13";"-202,95";"102423,38";"IST";"SL";"-199,35";"134,59";"1d 4h 10m";"";"-3,59";"21734,13086";"-202,95";"-197,38";"102423,38";"22150,83008"
"5457";"USATECHIDXUSD_ftmo";"Buy";"2024.12.27 08:07:00";"21702.65";"1.02";"2024.12.27 16:38:00";"21507.33";"-199,23";"102224,15";"IST";"SL";"-199,23";"22,90";"8h 31m";"";"-0,00";"21507,33008";"-199,23";"-195,32";"102224,15";"21919,67969"
"5458";"USATECHIDXUSD_ftmo";"Buy";"2025.01.02 10:23:00";"21183.46";"1.04";"2025.01.02 16:39:00";"20992.81";"-198,28";"102025,88";"IST";"SL";"-198,28";"104,50";"6h 16m";"";"-0,00";"20992,81055";"-198,28";"-190,65";"102025,88";"21395,28906"
"5459";"USATECHIDXUSD_ftmo";"Buy";"2025.01.02 17:03:00";"21173.14";"1.04";"2025.01.02 19:27:00";"20982.58";"-198,18";"101827,69";"IST";"SL";"-198,18";"71,80";"2h 24m";"";"-0,00";"20982,58008";"-198,18";"-190,56";"101827,69";"21384,86914"
"5463";"USATECHIDXUSD_ftmo";"Buy";"2025.01.03 17:21:00";"21072.18";"1.05";"2025.01.03 18:46:00";"21282.90";"221,26";"102048,95";"IST";"PT";"-8,99";"221,26";"1h 25m";"";"-0,00";"20882,52930";"221,26";"210,72";"102048,95";"21282,90039"
"5570";"USATECHIDXUSD_ftmo";"Buy";"2025.01.07 17:00:00";"21474.86";"1.03";"2025.01.07 17:38:00";"21281.59";"-199,07";"101849,88";"IST";"SL";"-199,07";"1,44";"38m 0s";"";"-0,00";"21281,58984";"-199,07";"-193,27";"101849,88";"21689,60938"
"5574";"USATECHIDXUSD_ftmo";"Buy";"2025.01.10 14:05:00";"21132.41";"1.05";"2025.01.10 15:30:00";"20942.22";"-199,70";"101650,18";"IST";"SL";"-199,70";"16,46";"1h 25m";"";"-0,00";"20942,22070";"-199,70";"-190,19";"101650,18";"21343,73047"
"5613";"USATECHIDXUSD_ftmo";"Buy";"2025.01.14 17:51:00";"20781.86";"1.06";"2025.01.15 15:30:00";"20989.68";"216,72";"101866,89";"IST";"PT";"-177,08";"220,29";"21h 39m";"";"-3,57";"20594,82031";"216,72";"207,82";"101866,89";"20989,67969"
"5684";"USATECHIDXUSD_ftmo";"Buy";"2025.01.16 22:59:00";"21098.40";"1.05";"2025.01.17 15:31:00";"21309.38";"217,94";"102084,83";"IST";"PT";"-73,83";"221,53";"16h 32m";"";"-3,59";"20908,50977";"217,94";"210,98";"102084,83";"21309,38086"
"5756";"USATECHIDXUSD_ftmo";"Buy";"2025.01.21 02:58:00";"21339.49";"1.04";"2025.01.21 11:59:00";"21552.88";"221,93";"102306,76";"IST";"PT";"-114,28";"221,93";"9h 1m";"";"-0,00";"21147,42969";"221,93";"213,39";"102306,76";"21552,88086"
"5769";"USATECHIDXUSD_ftmo";"Buy";"2025.01.21 16:40:00";"21461.36";"1.03";"2025.01.22 02:31:00";"21675.97";"217,46";"102524,22";"IST";"PT";"-86,29";"221,05";"9h 51m";"";"-3,59";"21268,21094";"217,46";"214,61";"102524,22";"21675,97070"
"5852";"USATECHIDXUSD_ftmo";"Buy";"2025.01.23 11:15:00";"21717.41";"1.02";"2025.01.24 16:49:00";"21934.58";"217,92";"102742,13";"IST";"PT";"-11,20";"221,51";"1d 5h 34m";"";"-3,59";"21521,94922";"217,92";"217,17";"102742,13";"21934,58008"
"5859";"USATECHIDXUSD_ftmo";"Buy";"2025.01.24 19:53:00";"21824.07";"1.01";"2025.01.24 21:00:00";"21730.58";"-94,42";"102647,71";"IST";"End Of Friday (Time)";"-98,52";"1,53";"1h 7m";"";"-0,00";"21627,65039";"-94,42";"-93,49";"102647,71";"22042,31055"
"5929";"USATECHIDXUSD_ftmo";"Buy";"2025.01.29 20:01:00";"21337.64";"1.04";"2025.01.30 04:20:00";"21551.02";"218,32";"102866,02";"IST";"PT";"-94,41";"221,92";"8h 19m";"";"-3,60";"21145,59961";"218,32";"213,38";"102866,02";"21551,01953"
"5954";"USATECHIDXUSD_ftmo";"Buy";"2025.01.30 14:20:00";"21456.83";"1.03";"2025.01.31 04:01:00";"21671.40";"217,42";"103083,45";"IST";"PT";"-160,00";"221,01";"13h 41m";"";"-3,59";"21263,72070";"217,42";"214,57";"103083,45";"21671,40039"
"6003";"USATECHIDXUSD_ftmo";"Buy";"2025.02.03 22:06:00";"21364.53";"1.04";"2025.02.04 07:07:00";"21172.25";"-203,58";"102879,88";"IST";"SL";"-199,97";"128,69";"9h 1m";"";"-3,60";"21172,25000";"-203,58";"-192,28";"102879,88";"21578,17969"
"6004";"USATECHIDXUSD_ftmo";"Buy";"2025.02.04 09:18:00";"21303.44";"1.04";"2025.02.04 17:08:00";"21516.47";"221,55";"103101,42";"IST";"PT";"-103,84";"221,55";"7h 50m";"";"-0,00";"21111,71094";"221,55";"213,03";"103101,42";"21516,47070"
"6046";"USATECHIDXUSD_ftmo";"Buy";"2025.02.05 10:43:00";"21356.25";"1.04";"2025.02.05 18:49:00";"21569.81";"222,10";"103323,52";"IST";"PT";"-33,89";"222,10";"8h 6m";"";"-0,00";"21164,03906";"222,10";"213,56";"103323,52";"21569,81055"
"6153";"USATECHIDXUSD_ftmo";"Buy";"2025.02.07 17:00:00";"21706.33";"1.02";"2025.02.07 19:00:00";"21510.97";"-199,27";"103124,26";"IST";"SL";"-199,27";"43,01";"2h 0m";"";"-0,00";"21510,97070";"-199,27";"-195,36";"103124,26";"21923,39063"
"6154";"USATECHIDXUSD_ftmo";"Buy";"2025.02.10 15:30:00";"21665.77";"1.02";"2025.02.12 15:32:00";"21470.78";"-206,06";"102918,20";"IST";"SL";"-198,89";"132,74";"2d 0h 2m";"";"-7,17";"21470,77930";"-206,06";"-194,99";"102918,20";"21882,42969"
"6155";"USATECHIDXUSD_ftmo";"Buy";"2025.02.12 19:07:00";"21682.85";"1.02";"2025.02.13 17:20:00";"21899.68";"217,58";"103135,78";"IST";"PT";"-18,05";"221,17";"22h 13m";"";"-3,59";"21487,69922";"217,58";"216,83";"103135,78";"21899,67969"
"6321";"USATECHIDXUSD_ftmo";"Buy";"2025.02.18 16:31:00";"22155.60";"1.0";"2025.02.20 16:57:00";"21956.20";"-206,59";"102929,19";"IST";"SL";"-199,40";"68,89";"2d 0h 26m";"";"-7,19";"21956,19922";"-206,59";"-199,40";"102929,19";"22377,16016"
"6323";"USATECHIDXUSD_ftmo";"Buy";"2025.02.21 12:02:00";"22090.32";"1.0";"2025.02.21 17:44:00";"21891.51";"-198,81";"102730,38";"IST";"SL";"-198,81";"85,20";"5h 42m";"";"-0,00";"21891,50977";"-198,81";"-198,81";"102730,38";"22311,22070"
"6324";"USATECHIDXUSD_ftmo";"Buy";"2025.02.26 17:15:00";"21261.77";"1.04";"2025.02.26 20:42:00";"21070.41";"-199,01";"102531,37";"IST";"SL";"-199,01";"92,50";"3h 27m";"";"-0,00";"21070,41016";"-199,01";"-191,36";"102531,37";"21474,39063"
"6325";"USATECHIDXUSD_ftmo";"Buy";"2025.02.27 07:56:00";"21187.41";"1.04";"2025.02.27 16:55:00";"20996.72";"-198,32";"102333,05";"IST";"SL";"-198,32";"147,40";"8h 59m";"";"-0,00";"20996,72070";"-198,32";"-190,69";"102333,05";"21399,27930"
"6327";"USATECHIDXUSD_ftmo";"Buy";"2025.03.03 02:17:00";"20830.86";"1.06";"2025.03.03 14:12:00";"21039.17";"220,81";"102553,86";"IST";"PT";"-40,95";"220,81";"11h 55m";"";"-0,00";"20643,38086";"220,81";"208,31";"102553,86";"21039,16992"
"6334";"USATECHIDXUSD_ftmo";"Buy";"2025.03.03 17:00:00";"20741.60";"1.07";"2025.03.03 22:00:00";"20554.93";"-199,74";"102354,12";"IST";"SL";"-199,74";"213,76";"5h 0m";"";"-0,00";"20554,92969";"-199,74";"-186,67";"102354,12";"20949,01953"
"6335";"USATECHIDXUSD_ftmo";"Buy";"2025.03.04 22:30:00";"20628.54";"1.07";"2025.03.04 22:42:00";"20442.88";"-198,66";"102155,46";"IST";"SL";"-198,66";"0,00";"12m 0s";"";"-0,00";"20442,88086";"-198,66";"-185,66";"102155,46";"20834,83008"
"6336";"USATECHIDXUSD_ftmo";"Buy";"2025.03.05 10:36:00";"20531.16";"1.08";"2025.03.05 16:04:00";"20346.38";"-199,56";"101955,90";"IST";"SL";"-199,56";"60,82";"5h 28m";"";"-0,00";"20346,38086";"-199,56";"-184,78";"101955,90";"20736,47070"
"6337";"USATECHIDXUSD_ftmo";"Buy";"2025.03.05 19:30:00";"20435.63";"1.08";"2025.03.05 21:09:00";"20639.99";"220,71";"102176,61";"IST";"PT";"-34,43";"220,71";"1h 39m";"";"-0,00";"20251,71094";"220,71";"204,36";"102176,61";"20639,99023"
"6366";"USATECHIDXUSD_ftmo";"Buy";"2025.03.06 10:12:00";"20461.91";"1.08";"2025.03.06 15:19:00";"20277.75";"-198,89";"101977,72";"IST";"SL";"-198,89";"35,45";"5h 7m";"";"-0,00";"20277,75000";"-198,89";"-184,16";"101977,72";"20666,52930"
"6386";"USATECHIDXUSD_ftmo";"Buy";"2025.03.12 17:02:00";"19433.93";"1.14";"2025.03.12 18:09:00";"19628.27";"221,55";"102199,27";"IST";"PT";"-69,70";"221,55";"1h 7m";"";"-0,00";"19259,01953";"221,55";"194,34";"102199,27";"19628,26953"
"6405";"USATECHIDXUSD_ftmo";"Buy";"2025.03.13 06:00:00";"19496.97";"1.13";"2025.03.13 16:00:00";"19321.50";"-198,28";"102000,98";"IST";"SL";"-198,28";"128,35";"10h 0m";"";"-0,00";"19321,50000";"-198,28";"-175,47";"102000,98";"19691,93945"
"6409";"USATECHIDXUSD_ftmo";"Buy";"2025.03.14 15:17:00";"19457.59";"1.14";"2025.03.14 17:33:00";"19652.17";"221,82";"102222,80";"IST";"PT";"-39,26";"221,82";"2h 16m";"";"-0,00";"19282,47070";"221,82";"194,58";"102222,80";"19652,16992"
"6511";"USATECHIDXUSD_ftmo";"Buy";"2025.03.18 14:57:00";"19687.88";"1.12";"2025.03.18 15:44:00";"19510.69";"-198,45";"102024,35";"IST";"SL";"-198,45";"24,99";"47m 0s";"";"-0,00";"19510,68945";"-198,45";"-177,19";"102024,35";"19884,75977"
"6513";"USATECHIDXUSD_ftmo";"Buy";"2025.03.19 16:30:00";"19630.66";"1.13";"2025.03.19 21:00:00";"19826.97";"221,83";"102246,18";"IST";"PT";"-73,91";"221,83";"4h 30m";"";"-0,00";"19453,98047";"221,83";"196,31";"102246,18";"19826,97070"
"6545";"USATECHIDXUSD_ftmo";"Buy";"2025.03.20 12:15:00";"19632.61";"1.13";"2025.03.20 16:17:00";"19828.94";"221,85";"102468,04";"IST";"PT";"-127,25";"221,85";"4h 2m";"";"-0,00";"19455,91992";"221,85";"196,33";"102468,04";"19828,93945"
"6550";"USATECHIDXUSD_ftmo";"Buy";"2025.03.20 18:44:00";"19654.86";"1.13";"2025.03.21 14:58:00";"19477.97";"-203,49";"102264,55";"IST";"SL";"-199,89";"86,17";"20h 14m";"";"-3,60";"19477,97070";"-203,49";"-176,89";"102264,55";"19851,41016"
"6703";"USATECHIDXUSD_ftmo";"Buy";"2025.03.26 15:47:00";"20209.69";"1.09";"2025.03.26 17:52:00";"20027.80";"-198,26";"102066,29";"IST";"SL";"-198,26";"12,65";"2h 5m";"";"-0,00";"20027,80078";"-198,26";"-181,89";"102066,29";"20411,78906"
"6704";"USATECHIDXUSD_ftmo";"Buy";"2025.04.01 08:18:00";"19214.01";"1.15";"2025.04.01 18:14:00";"19406.15";"220,96";"102287,25";"IST";"PT";"-142,51";"220,96";"9h 56m";"";"-0,00";"19041,08008";"220,96";"192,14";"102287,25";"19406,15039"
"6747";"USATECHIDXUSD_ftmo";"Buy";"2025.04.02 14:59:00";"19259.93";"1.15";"2025.04.02 17:32:00";"19452.53";"221,49";"102508,73";"IST";"PT";"-130,33";"221,49";"2h 33m";"";"-0,00";"19086,58984";"221,49";"192,60";"102508,73";"19452,52930"
"6764";"USATECHIDXUSD_ftmo";"Buy";"2025.04.07 17:22:00";"17623.77";"1.26";"2025.04.07 17:23:00";"17465.16";"-199,85";"102308,89";"IST";"SL";"-199,85";"0,00";"1m 0s";"";"-0,00";"17465,16016";"-199,85";"-158,61";"102308,89";"17800,00977"
"6765";"USATECHIDXUSD_ftmo";"Buy";"2025.04.07 20:46:00";"17511.72";"1.26";"2025.04.07 22:06:00";"17354.11";"-198,59";"102110,30";"IST";"SL";"-198,59";"211,92";"1h 20m";"";"-0,00";"17354,10938";"-198,59";"-157,61";"102110,30";"17686,83984"
"6817";"USATECHIDXUSD_ftmo";"Buy";"2025.04.08 22:02:00";"17279.83";"1.28";"2025.04.08 22:13:00";"17124.31";"-199,07";"101911,23";"IST";"SL";"-199,07";"0,00";"11m 0s";"";"-0,00";"17124,31055";"-199,07";"-155,52";"101911,23";"17452,63086"
"6818";"USATECHIDXUSD_ftmo";"Buy";"2025.04.09 19:15:00";"17342.78";"1.28";"2025.04.09 20:02:00";"17516.21";"221,99";"102133,23";"IST";"PT";"-52,71";"221,99";"47m 0s";"";"-0,00";"17186,68945";"221,99";"173,43";"102133,23";"17516,21094"
"6819";"USATECHIDXUSD_ftmo";"Buy";"2025.04.09 20:19:00";"17341.75";"1.28";"2025.04.09 20:19:00";"17515.17";"221,98";"102355,20";"IST";"PT";"-23,85";"221,98";"0s";"";"-0,00";"17185,66992";"221,98";"173,42";"102355,20";"17515,16992"
"6872";"USATECHIDXUSD_ftmo";"Buy";"2025.04.10 19:22:00";"17867.67";"1.24";"2025.04.10 19:34:00";"18046.35";"221,56";"102576,77";"IST";"PT";"-108,19";"221,56";"12m 0s";"";"-0,00";"17706,85938";"221,56";"178,68";"102576,77";"18046,34961"
"6875";"USATECHIDXUSD_ftmo";"Buy";"2025.04.10 20:22:00";"17902.64";"1.24";"2025.04.10 20:25:00";"18081.67";"222,00";"102798,77";"IST";"PT";"-6,47";"222,00";"3m 0s";"";"-0,00";"17741,51953";"222,00";"179,03";"102798,77";"18081,66992"
"6885";"USATECHIDXUSD_ftmo";"Buy";"2025.04.11 03:19:00";"18067.22";"1.23";"2025.04.11 05:25:00";"18247.89";"222,22";"103020,98";"IST";"PT";"-159,01";"222,22";"2h 6m";"";"-0,00";"17904,61914";"222,22";"180,67";"103020,98";"18247,89063"
"6904";"USATECHIDXUSD_ftmo";"Buy";"2025.04.11 11:00:00";"18340.40";"1.21";"2025.04.11 13:00:00";"18523.80";"221,91";"103242,90";"IST";"PT";"-192,57";"221,91";"2h 0m";"";"-0,00";"18175,33984";"221,91";"183,40";"103242,90";"18523,80078"
"6908";"USATECHIDXUSD_ftmo";"Buy";"2025.04.11 14:15:00";"18453.67";"1.2";"2025.04.11 16:10:00";"18287.59";"-199,30";"103043,61";"IST";"SL";"-199,30";"93,69";"1h 55m";"";"-0,00";"18287,58984";"-199,30";"-166,08";"103043,61";"18638,21094"
"6910";"USATECHIDXUSD_ftmo";"Buy";"2025.04.11 20:01:00";"18555.02";"1.19";"2025.04.11 21:00:00";"18680.48";"149,30";"103192,91";"IST";"End Of Friday (Time)";"-121,71";"210,71";"59m 0s";"";"-0,00";"18388,01953";"149,30";"125,46";"103192,91";"18740,57031"
"6990";"USATECHIDXUSD_ftmo";"Buy";"2025.04.15 08:32:00";"18735.16";"1.18";"2025.04.15 16:39:00";"18922.51";"221,07";"103413,98";"IST";"PT";"-45,48";"221,07";"8h 7m";"";"-0,00";"18566,53906";"221,07";"187,35";"103413,98";"18922,50977"
"6993";"USATECHIDXUSD_ftmo";"Buy";"2025.04.15 17:19:00";"18832.47";"1.18";"2025.04.16 01:06:00";"18601.01";"-276,73";"103137,25";"IST";"SL";"-273,12";"139,64";"7h 47m";"";"-3,60";"18662,98047";"-276,73";"-231,46";"103137,25";"19020,78906"
"7098";"USATECHIDXUSD_ftmo";"Buy";"2025.04.24 10:52:00";"18543.90";"1.19";"2025.04.24 15:38:00";"18729.34";"220,67";"103357,92";"IST";"PT";"-74,42";"220,67";"4h 46m";"";"-0,00";"18377,00000";"220,67";"185,44";"103357,92";"18729,33984"
"7227";"USATECHIDXUSD_ftmo";"Buy";"2025.04.28 18:10:00";"19306.22";"1.15";"2025.04.29 05:01:00";"19499.28";"218,42";"103576,34";"IST";"PT";"-175,21";"222,02";"10h 51m";"";"-3,60";"19132,46094";"218,42";"193,06";"103576,34";"19499,27930"
"7250";"USATECHIDXUSD_ftmo";"Buy";"2025.04.29 13:48:00";"19364.32";"1.14";"2025.04.29 20:49:00";"19557.96";"220,75";"103797,09";"IST";"PT";"-99,38";"220,75";"7h 1m";"";"-0,00";"19190,03906";"220,75";"193,64";"103797,09";"19557,96094"
"7264";"USATECHIDXUSD_ftmo";"Buy";"2025.04.30 04:45:00";"19408.27";"1.14";"2025.04.30 15:39:00";"19233.60";"-199,12";"103597,97";"IST";"SL";"-199,12";"125,67";"10h 54m";"";"-0,00";"19233,59961";"-199,12";"-174,67";"103597,97";"19602,34961"
"7390";"USATECHIDXUSD_ftmo";"Buy";"2025.05.05 04:50:00";"19901.97";"1.11";"2025.05.05 21:44:00";"20100.99";"220,91";"103818,88";"IST";"PT";"-34,75";"220,91";"16h 54m";"";"-0,00";"19722,84961";"220,91";"199,02";"103818,88";"20100,99023"
"7392";"USATECHIDXUSD_ftmo";"Buy";"2025.05.06 19:15:00";"19916.00";"1.11";"2025.05.07 18:01:00";"19736.76";"-202,54";"103616,34";"IST";"SL";"-198,96";"140,19";"22h 46m";"";"-3,59";"19736,75977";"-202,54";"-179,24";"103616,34";"20115,16016"
"7393";"USATECHIDXUSD_ftmo";"Buy";"2025.05.07 22:47:00";"19849.55";"1.11";"2025.05.08 06:11:00";"20048.05";"216,76";"103833,09";"IST";"PT";"-105,84";"220,34";"7h 24m";"";"-3,57";"19670,90039";"216,76";"198,50";"103833,09";"20048,05078"
"7421";"USATECHIDXUSD_ftmo";"Buy";"2025.05.08 17:54:00";"19935.85";"1.11";"2025.05.08 18:40:00";"20135.21";"221,29";"104054,38";"IST";"PT";"-42,57";"221,29";"46m 0s";"";"-0,00";"19756,42969";"221,29";"199,36";"104054,38";"20135,21094"
"7475";"USATECHIDXUSD_ftmo";"Buy";"2025.05.09 17:27:00";"20054.33";"1.1";"2025.05.09 21:00:00";"20077.71";"25,72";"104080,10";"IST";"End Of Friday (Time)";"-82,55";"46,52";"3h 33m";"";"-0,00";"19873,83984";"25,72";"23,38";"104080,10";"20254,86914"
"7686";"USATECHIDXUSD_ftmo";"Buy";"2025.05.15 10:44:00";"21198.18";"1.04";"2025.05.15 20:00:00";"21410.16";"220,46";"104300,56";"IST";"PT";"-92,42";"220,46";"9h 16m";"";"-0,00";"21007,40039";"220,46";"211,98";"104300,56";"21410,16016"
"7689";"USATECHIDXUSD_ftmo";"Buy";"2025.05.15 22:25:00";"21247.62";"1.04";"2025.05.16 21:00:00";"21364.54";"118,01";"104418,57";"IST";"End Of Friday (Time)";"-29,33";"181,49";"22h 35m";"";"-3,58";"21056,39063";"118,01";"116,92";"104418,57";"21460,09961"
"7690";"USATECHIDXUSD_ftmo";"Buy";"2025.05.19 02:57:00";"21304.53";"1.04";"2025.05.19 09:45:00";"21112.79";"-199,41";"104219,16";"IST";"SL";"-199,41";"1,11";"6h 48m";"";"-0,00";"21112,78906";"-199,41";"-191,74";"104219,16";"21517,58008"
"7691";"USATECHIDXUSD_ftmo";"Buy";"2025.05.19 17:00:00";"21272.47";"1.04";"2025.05.20 03:10:00";"21485.19";"217,64";"104436,80";"IST";"PT";"-3,52";"221,23";"10h 10m";"";"-3,59";"21081,01953";"217,64";"212,72";"104436,80";"21485,18945"
"7723";"USATECHIDXUSD_ftmo";"Buy";"2025.05.20 16:47:00";"21294.64";"1.04";"2025.05.21 20:30:00";"21102.99";"-202,91";"104233,90";"IST";"SL";"-199,32";"199,29";"1d 3h 43m";"";"-3,59";"21102,99023";"-202,91";"-191,65";"104233,90";"21507,58984"
"7724";"USATECHIDXUSD_ftmo";"Buy";"2025.05.22 17:00:00";"21213.82";"1.04";"2025.05.23 14:20:00";"21022.90";"-202,14";"104031,76";"IST";"SL";"-198,56";"54,88";"21h 20m";"";"-3,58";"21022,90039";"-202,14";"-190,92";"104031,76";"21425,96094"
"7787";"USATECHIDXUSD_ftmo";"Buy";"2025.05.27 06:46:00";"21095.13";"1.05";"2025.05.27 17:12:00";"21306.08";"221,50";"104253,26";"IST";"PT";"-6,94";"221,50";"10h 26m";"";"-0,00";"20905,26953";"221,50";"210,95";"104253,26";"21306,08008"
"7867";"USATECHIDXUSD_ftmo";"Buy";"2025.05.28 22:52:00";"21323.62";"1.04";"2025.05.29 01:55:00";"21536.86";"218,17";"104471,43";"IST";"PT";"-49,32";"221,77";"3h 3m";"";"-3,60";"21131,71094";"218,17";"213,24";"104471,43";"21536,85938"
"7911";"USATECHIDXUSD_ftmo";"Buy";"2025.05.29 16:41:00";"21504.11";"1.03";"2025.05.29 18:57:00";"21310.57";"-199,35";"104272,09";"IST";"SL";"-199,35";"5,97";"2h 16m";"";"-0,00";"21310,57031";"-199,35";"-193,54";"104272,09";"21719,15039"
"7912";"USATECHIDXUSD_ftmo";"Buy";"2025.06.02 16:55:00";"21265.49";"1.04";"2025.06.02 21:56:00";"21478.14";"221,16";"104493,24";"IST";"PT";"-75,80";"221,16";"5h 1m";"";"-0,00";"21074,09961";"221,16";"212,65";"104493,24";"21478,14063"
"8080";"USATECHIDXUSD_ftmo";"Buy";"2025.06.05 15:30:00";"21692.50";"1.02";"2025.06.05 22:17:00";"21497.27";"-199,13";"104294,10";"IST";"SL";"-199,13";"206,23";"6h 47m";"";"-0,00";"21497,26953";"-199,13";"-195,23";"104294,10";"21909,42969"
"8175";"USATECHIDXUSD_ftmo";"Buy";"2025.06.10 08:28:00";"21762.27";"1.02";"2025.06.11 15:30:00";"21979.89";"218,37";"104512,48";"IST";"PT";"-56,78";"221,97";"1d 7h 2m";"";"-3,60";"21566,41016";"218,37";"217,62";"104512,48";"21979,89063"
"8187";"USATECHIDXUSD_ftmo";"Buy";"2025.06.11 21:01:00";"21874.00";"1.01";"2025.06.13 03:03:00";"21677.13";"-206,01";"104306,47";"IST";"SL";"-198,84";"81,81";"1d 6h 2m";"";"-7,17";"21677,13086";"-206,01";"-196,87";"104306,47";"22092,74023"
"8188";"USATECHIDXUSD_ftmo";"Buy";"2025.06.13 18:17:00";"21742.55";"1.02";"2025.06.13 21:00:00";"21771.58";"29,61";"104336,08";"IST";"End Of Friday (Time)";"-12,25";"97,02";"2h 43m";"";"-0,00";"21546,86914";"29,61";"29,03";"104336,08";"21959,98047"
"8189";"USATECHIDXUSD_ftmo";"Buy";"2025.06.16 08:32:00";"21706.12";"1.02";"2025.06.16 16:56:00";"21923.18";"221,40";"104557,48";"IST";"PT";"-14,73";"221,40";"8h 24m";"";"-0,00";"21510,75977";"221,40";"217,06";"104557,48";"21923,17969"
"8241";"USATECHIDXUSD_ftmo";"Buy";"2025.06.17 13:38:00";"21779.13";"1.02";"2025.06.19 04:05:00";"21583.12";"-207,14";"104350,34";"IST";"SL";"-199,93";"122,98";"1d 14h 27m";"";"-7,21";"21583,11914";"-207,14";"-196,01";"104350,34";"21996,91992"
"8242";"USATECHIDXUSD_ftmo";"Buy";"2025.06.20 03:18:00";"21682.55";"1.02";"2025.06.20 16:39:00";"21899.38";"221,17";"104571,51";"IST";"PT";"-59,40";"221,17";"13h 21m";"";"-0,00";"21487,41016";"221,17";"216,83";"104571,51";"21899,38086"
"8243";"USATECHIDXUSD_ftmo";"Buy";"2025.06.20 17:42:00";"21664.16";"1.02";"2025.06.20 21:00:00";"21620.83";"-44,20";"104527,31";"IST";"End Of Friday (Time)";"-120,40";"38,66";"3h 18m";"";"-0,00";"21469,17969";"-44,20";"-43,33";"104527,31";"21880,80078"
"8244";"USATECHIDXUSD_ftmo";"Buy";"2025.06.23 10:18:00";"21615.27";"1.02";"2025.06.23 20:30:00";"21831.42";"220,47";"104747,79";"IST";"PT";"-97,94";"220,47";"10h 12m";"";"-0,00";"21420,73047";"220,47";"216,15";"104747,79";"21831,41992"
"8541";"USATECHIDXUSD_ftmo";"Buy";"2025.06.30 21:42:00";"22568.10";"0.98";"2025.07.03 17:00:00";"22793.78";"210,40";"104958,19";"IST";"PT";"-191,60";"221,17";"2d 19h 18m";"";"-10,76";"22364,99023";"210,40";"225,68";"104958,19";"22793,77930"
"8584";"USATECHIDXUSD_ftmo";"Buy";"2025.07.04 16:37:00";"22699.10";"0.97";"2025.07.11 21:00:00";"22815.90";"88,29";"105046,48";"IST";"End Of Friday (Time)";"-112,03";"210,72";"7d 4h 23m";"";"-25,00";"22494,81055";"88,29";"116,80";"105046,48";"22926,08984"
"8585";"USATECHIDXUSD_ftmo";"Buy";"2025.07.14 16:35:00";"22743.63";"0.97";"2025.07.15 04:52:00";"22971.07";"217,04";"105263,52";"IST";"PT";"-77,36";"220,62";"12h 17m";"";"-3,58";"22538,93945";"217,04";"227,44";"105263,52";"22971,07031"
"8634";"USATECHIDXUSD_ftmo";"Buy";"2025.07.16 04:45:00";"22853.89";"0.97";"2025.07.17 18:58:00";"23082.43";"218,09";"105481,61";"IST";"PT";"-182,20";"221,68";"1d 14h 13m";"";"-3,60";"22648,19922";"218,09";"228,54";"105481,61";"23082,42969"
"8736";"USATECHIDXUSD_ftmo";"Buy";"2025.07.21 15:54:00";"23096.01";"0.96";"2025.07.25 19:31:00";"23326.97";"207,33";"105688,95";"IST";"PT";"-134,71";"221,72";"4d 3h 37m";"";"-14,39";"22888,15039";"207,33";"230,96";"105688,95";"23326,97070"
"8785";"USATECHIDXUSD_ftmo";"Buy";"2025.07.28 18:20:00";"23309.00";"0.95";"2025.07.30 23:13:00";"23542.09";"210,66";"105899,60";"IST";"PT";"-84,59";"221,44";"2d 4h 53m";"";"-10,78";"23099,22070";"210,66";"233,09";"105899,60";"23542,08984"
"8831";"USATECHIDXUSD_ftmo";"Buy";"2025.07.31 17:45:00";"23458.66";"0.94";"2025.07.31 20:57:00";"23247.53";"-198,46";"105701,14";"IST";"SL";"-198,46";"21,11";"3h 12m";"";"-0,00";"23247,52930";"-198,46";"-211,13";"105701,14";"23693,25000"
